imdbID,tmdbID
tt1431045,293660
tt4764370,338832
tt4022440,359805
tt1179933,333371
tt3040964,278927
tt4625516,369781
tt4400038,369778
tt4272866,315465
tt0409379,172226
tt2975590,209112
tt4009278,333674
tt2401878,291270
tt4466556,351183
tt3727982,323665
tt2122313,272634
tt4337690,343795
tt3544218,330697
tt2133196,327528
tt1860213,291870
tt4104054,332721
tt1727776,273477
tt3557406,362180
tt0175880,334
tt3184798,291678
tt1615065,82525
tt1530509,74997
tt1440232,48034
tt1460766,348157
tt1028525,27603
tt0430357,82
tt0381361,51121
tt4505118,375811
tt3387542,329440
tt3748440,288171
tt3332064,266647
tt1430132,76170
tt3254796,353378
tt1355683,261023
tt3962210,328739
tt2652118,263341
tt1083452,319888
tt1468846,186759
tt0475290,270487
tt2404233,205584
tt1292566,259694
tt5022702,376570
tt2854394,385317
tt2667380,384798
tt4741686,369780
tt2267968,140300
tt4117206,375946
tt5072542,377853
tt3533916,257087
tt3544008,346830
tt0405159,70
tt2494362,294963
tt4926026,360288
tt3707106,314385
tt2818654,298721
tt4576612,366564
tt4005402,318781
tt2965412,276908
tt4035268,315868
tt3169770,351145
tt3094252,333594
tt4503598,329010
tt3305316,254200
tt1708135,319337
tt3700392,365045
tt3766394,320588
tt3072482,325348
tt3177316,254191
tt4531006,369772
tt4485178,336207
tt3812016,361255
tt3614530,266639
tt3622120,306650
tt2446980,274479
tt2207112,383064
tt4084056,369770
tt4313614,372640
tt3326880,331378
tt4333408,367546
tt1659611,366566
tt3854802,347477
tt3814316,358430
tt4283358,352342
tt3727202,398289
tt3148348,276488
tt4355236,352275
tt2217859,157827
tt3300542,267860
tt4616292,375897
tt4247428,356733
tt4176826,318917
tt4161586,375527
tt4601102,358881
tt4471388,375108
tt3851746,323021
tt4428800,330294
tt3486542,336660
tt3658772,373314
tt3689910,267970
tt2649554,245703
tt3013610,315872
tt3594826,345235
tt2718440,272548
tt2091935,333385
tt3740778,314388
tt3760922,302688
tt4790268,391757
tt3889166,340030
tt5052966,362434
tt3411432,326215
tt3774802,346651
tt1594972,276905
tt4313608,375898
tt4838440,373960
tt1618448,300792
tt3231054,335778
tt3808298,341749
tt1641841,327833
tt2049543,347945
tt2488496,140607
tt4025514,356296
tt4263482,310131
tt3702652,364116
tt2304933,299687
tt3381008,267193
tt4247492,361571
tt3687304,291189
tt4163668,316715
tt5231798,382811
tt2025690,300673
tt2640474,207686
tt2992524,288463
tt3460252,273248
tt3722070,328589
tt2387513,132342
tt2403961,214761
tt3530690,293082
tt3242418,299710
tt4384186,339186
tt1943014,157422
tt3970280,300695
tt1815862,82700
tt2109248,91314
tt2017038,152747
tt1178665,232572
tt2923316,250066
tt3774092,336197
tt1920846,120172
tt3316948,261392
tt2870648,331781
tt2908856,282296
tt3966404,336804
tt1392190,76341
tt0488164,25974
tt0323250,13931
tt2334733,253161
tt1126618,38357
tt2841572,282502
tt2872462,309245
tt2349144,309242
tt0163187,4806
tt3312830,310593
tt2381249,177677
tt2245003,290762
tt3478536,262642
tt3882000,337677
tt0130121,10154
tt2545428,318279
tt5275844,373451
tt3363888,267792
tt2582496,308369
tt4797582,377783
tt4635372,336203
tt0129387,544
tt3064298,332340
tt0293401,12513
tt2268016,264999
tt0178737,10399
tt1614456,66164
tt3201722,356486
tt2884018,225728
tt2948840,300153
tt3019796,277368
tt3949936,339944
tt4926538,369776
tt3778402,312138
tt2872732,240832
tt0399934,25060
tt2535470,290999
tt2404425,304357
tt1403241,290555
tt2334879,117251
tt3750942,319096
tt3849938,334354
tt1791682,252512
tt3362914,253155
tt2725962,276843
tt2007993,98344
tt3765326,293982
tt0348031,44020
tt4198186,367941
tt1976009,228066
tt2347134,141819
tt0312549,10629
tt3667648,298614
tt2987732,233063
tt3324286,319143
tt4466336,329682
tt0114345,10533
tt3604984,367976
tt0408839,9038
tt4228294,336811
tt5148864,366548
tt4540710,376290
tt4253360,374111
tt2547584,283552
tt5337760,415356
tt5291862,401442
tt1183374,353979
tt4578118,345925
tt4422164,448988
tt1293847,47971
tt4993964,382598
tt5460530,397415
tt3343868,393306
tt4465564,341174
tt5833730,382593
tt3731562,293167
tt2592614,173897
tt4972582,381288
tt2387692,408258
tt4428714,415034
tt5124082,398366
tt5286268,426830
tt3662066,321030
tt3922818,365942
tt5809020,402582
tt1226766,331588
tt5039860,382595
tt5808778,435707
tt4805316,409297
tt3910814,389630
tt4392770,385737
tt0376479,326285
tt5580536,388202
tt5133308,394374
tt4936450,374458
tt2261287,342473
tt3174376,301804
tt5137222,415032
tt4054654,354979
tt3610746,375355
tt1290138,316021
tt4961380,404584
tt0498381,14564
tt3783958,313369
tt4276820,310307
tt5077538,395762
tt5078204,382591
tt1355644,274870
tt5449296,413221
tt3719896,334531
tt3273434,352334
tt6393306,449811
tt5147214,403605
tt3216348,241258
tt1711525,384682
tt3991412,294795
tt5143700,366656
tt6147558,451827
tt4857616,427996
tt5078100,408274
tt5096600,419331
tt4741774,377287
tt4944658,430161
tt4587366,421313
tt3416532,258230
tt3113696,405882
tt5287852,415005
tt5180240,395769
tt3286560,287904
tt4607228,389088
tt5295802,393411
tt1753383,381289
tt3707104,345009
tt3608646,370687
tt4631532,381707
tt5247022,370755
tt4714782,340676
tt3401882,345922
tt5231916,395767
tt5843838,446829
tt4799064,381518
tt5252396,415036
tt3951732,385372
tt5291976,441967
tt4466894,423453
tt3878978,337515
tt4435082,430406
tt2582576,390054
tt5893332,419700
tt4627352,382883
tt4379536,445605
tt5717492,411405
tt3567666,348389
tt3236976,291290
tt2381213,267800
tt6315800,408647
tt1239242,345170
tt2771200,321612
tt4796122,400411
tt4914580,363579
tt4976628,394139
tt5326364,375334
tt4698584,351454
tt3958780,347033
tt0369610,135397
tt2034800,311324
tt4046784,294254
tt4116284,324849
tt2293640,211672
tt3315342,263115
tt4975722,376867
tt5253294,382511
tt2072233,324542
tt2637276,214756
tt6574146,409421
tt3468698,323369
tt5736592,412766
tt5078134,408543
tt3874544,295693
tt4954522,393519
tt4425200,324552
tt5767628,449503
tt4651410,384737
tt5736696,382597
tt4935334,354251
tt2316204,126889
tt4216902,415132
tt2671706,393457
tt5052448,419430
tt5256722,398920
tt1619029,376866
tt5247544,393945
tt5091538,392142
tt5186714,375315
tt5876352,407250
tt5034474,399173
tt3470600,335797
tt3082854,308409
tt4385888,342737
tt5029602,375798
tt4630550,340481
tt5666160,419772
tt2361317,259695
tt2321405,393559
tt3794028,376166
tt2461520,296523
tt4034228,334541
tt5357556,394645
tt5168192,374473
tt1683919,343812
tt4680196,374464
tt4978274,393765
tt1220634,35791
tt0432021,7737
tt5199486,427955
tt5197068,408033
tt4213806,364615
tt1679335,136799
tt3741834,334543
tt3183660,259316
tt2387499,331313
tt3100274,311667
tt3503406,331583
tt4550098,340666
tt3748528,330459
tt3564574,382501
tt5078354,382509
tt4624424,332210
tt6515050,442485
tt4660736,391709
tt4682786,345920
tt2268433,411632
tt1683048,355254
tt3521164,277834
tt1211837,284052
tt3534282,309298
tt3774114,302401
tt2119532,324786
tt3640424,369885
tt2094766,121856
tt1473832,95610
tt1860357,296524
tt4136084,315664
tt5058358,400148
tt3062096,207932
tt4497338,414719
tt3393786,343611
tt3631112,346685
tt3666024,337703
tt2404435,333484
tt2461150,213681
tt4981636,369883
tt2788732,294272
tt2543164,329865
tt3263904,363676
tt4196450,339408
tt4551314,402907
tt5091612,398924
tt2032572,340945
tt4400086,384586
tt4758646,354287
tt4731136,340837
tt1691916,397837
tt4979860,375804
tt5869620,411040
tt2582782,338766
tt4872162,388862
tt3701714,278925
tt5597946,382518
tt5114984,394161
tt1935859,283366
tt4520364,377264
tt3671086,383524
tt3627704,262848
tt4034354,347031
tt2531318,391698
tt1995390,205588
tt5263324,384725
tt2005151,308266
tt5834800,438734
tt2674358,302150
tt2660888,188927
tt5595168,390734
tt3685622,321666
tt1489889,302699
tt4228810,381262
tt0787524,353326
tt2638144,271969
tt2980210,270010
tt4699388,366514
tt4438848,325133
tt2368619,333669
tt3522806,278924
tt5115024,383869
tt4726636,371865
tt2238032,270774
tt3922798,334517
tt4738360,360249
tt5031332,419192
tt5221584,377273
tt4741376,384726
tt5196472,416786
tt2763304,180863
tt3455224,263614
tt2611390,245855
tt1628841,47933
tt3014866,302156
tt3963816,359412
tt2441982,248705
tt4139124,342521
tt3628584,326423
tt1289401,43074
tt2709768,328111
tt4196776,324668
tt2241351,303858
tt4094724,316727
tt1386697,297761
tt2056771,324807
tt2674426,296096
tt5294198,408272
tt2948356,269149
tt5548284,392536
tt3498820,271110
tt4172430,300671
tt3385516,246655
tt1985949,153518
tt2381991,290595
tt5668196,396394
tt1412528,353569
tt5157682,421447
tt3831636,416530
tt1967614,369524
tt4273562,366170
tt4459912,295466
tt5442430,395992
tt5546540,419140
tt2510894,159824
tt5091548,379291
tt6830780,436994
tt1790809,166426
tt5136164,369235
tt2589076,250326
tt4711924,408381
tt4581576,390051
tt3076658,312221
tt3197766,331576
tt4080728,348678
tt4569240,296865
tt4368098,404830
tt5207320,407757
tt4400058,331836
tt3838034,420950
tt3778010,406107
tt3161386,386700
tt1781058,346681
tt3212232,332411
tt3477762,375564
tt5027116,425665
tt6294892,431112
tt1386691,457962
tt5610626,451644
tt6031834,433275
tt5687038,448158
tt5769006,448090
tt5331084,419827
tt5352846,452068
tt4265508,376581
tt0493405,417644
tt3717490,305470
tt0490215,68730
tt4193394,340611
tt5657028,398929
tt4800418,381737
tt4375268,405551
tt3335606,363126
tt6139626,434593
tt3121200,401359
tt5705058,412204
tt4073166,356200
tt4556370,443700
tt4669986,339419
tt4652532,413658
tt1337718,413044
tt4254584,385736
tt5283754,452964
tt5776208,400136
tt5029642,406298
tt2398241,137116
tt5539054,412105
tt5351818,382589
tt2782844,270007
tt5988966,447427
tt4733536,367551
tt1972591,274857
tt5286250,428226
tt3746824,394759
tt6144536,430172
tt2090465,76812
tt5481404,400605
tt1993396,322061
tt5020372,422972
tt1780798,112454
tt6104992,427749
tt5734214,407335
tt3967856,387426
tt4572514,388399
tt2844798,267999
tt3923004,452947
tt3704700,340027
tt5702566,460024
tt4382824,336445
tt2278870,401222
tt4694544,345915
tt0451279,297762
tt1730768,289222
tt1933667,363992
tt6033150,388757
tt6354166,451964
tt5286156,433308
tt3725034,353743
tt4622108,414067
tt5598172,430528
tt3371366,335988
tt4843344,348391
tt5311514,372058
tt5686132,424600
tt1219827,315837
tt6598626,426272
tt2568862,353070
tt1212428,314095
tt5048406,408422
tt2250912,315635
tt4857264,411088
tt4463248,359538
tt5977610,433277
tt3469046,324852
tt5546300,426825
tt3305308,256569
tt4158096,334521
tt5479616,441614
tt6014472,461053
tt5851014,437291
tt4680182,339967
tt6946580,461054
tt3450958,281338
tt4943706,422949
tt3890160,339403
tt4776998,354859
tt5016946,412202
tt4334266,316154
tt4633690,339692
tt5013056,374720
tt1966385,408626
tt6003368,417830
tt1369667,277968
tt5825150,437399
tt2334871,373569
tt1544608,301372
tt6445396,437425
tt4467176,416398
tt5541240,401104
tt4943322,433356
tt4287320,339988
tt5990342,432789
tt4600952,354556
tt6212210,461297
tt5651458,429725
tt5068650,390883
tt4966046,459475
tt5975354,439152
tt6095090,422715
tt5226512,459950
tt6026094,427750
tt5001718,417678
tt3344680,348893
tt4156972,311764
tt2239822,339964
tt4924942,392207
tt4630562,337339
tt4536768,354282
tt3387266,347026
tt5161376,415633
tt6998630,455920
tt4728386,409617
tt4290974,447352
tt5976178,411626
tt5456798,388191
tt5274066,396289
tt4660172,421833
tt3646592,384594
tt3014556,403130
tt4906686,416261
tt3896198,283995
tt5431600,425931
tt5804948,430365
tt3622110,420245
tt6298780,438970
tt4401006,412758
tt5327922,401689
tt4557208,450932
tt6085482,418399
tt5213870,455803
tt4126438,356842
tt2597760,306943
tt1469304,339846
tt1895315,324560
tt6556890,408648
tt3501112,460846
tt6048930,433251
tt3469798,437311
tt5861630,416226
tt4715356,422874
tt5735280,434873
tt5039088,392818
tt1431191,32845
tt6090268,438467
tt4795124,425134
tt5662906,416306
tt4353996,396616
tt4799050,397422
tt5969846,426962
tt4411596,413998
tt6095616,431937
tt2569088,463906
tt4687848,377447
tt5771640,413837
tt5328350,432799
tt6977240,460790
tt5980746,398936
tt2345759,282035
tt4629266,355277
tt5348236,439154
tt7014110,467248
tt5464234,423988
tt1712192,301355
tt4314716,459068
tt3445580,409164
tt1366338,333384
tt1241317,351460
tt2516500,463737
tt1800302,334524
tt6009140,438347
tt6247936,436334
tt4720702,430354
tt1648190,353491
tt3597108,421559
tt1536537,406990
tt1959563,390043
tt4291600,410117
tt2091256,268531
tt5140878,396422
tt4547056,375366
tt3481634,433630
tt0918940,258489
tt2911666,245891
tt3082898,308529
tt5628792,444291
tt5322012,440597
tt5794440,473165
tt4457344,433941
tt4695012,418078
tt4678184,456950
tt6340264,399049
tt5224012,440596
tt1951264,101299
tt0816711,72190
tt1457767,138843
tt0993846,106646
tt1670345,75656
tt1690953,93456
tt1935194,404733
tt2937366,346671
tt5606742,407626
tt1343092,64682
tt1245492,109414
tt1300854,68721
tt0770828,49521
tt2184339,158015
tt1905041,82992
tt1981115,76338
tt1170358,57158
tt2191701,109418
tt1650554,59859
tt2024544,76203
tt2278871,152584
tt1453405,62211
tt1937390,258216
tt1663662,68726
tt1408101,54138
tt0481499,49519
tt1951261,109439
tt1588173,82654
tt3841424,335578
tt3606752,260514
tt4815862,446216
tt4653586,420260
tt5351044,442133
tt1099212,8966
tt1259571,18239
tt1673434,50620
tt1325004,24021
tt1324999,50619
tt0499549,19995
tt1375666,27205
tt0332280,11036
tt0449088,285
tt0325980,22
tt0383574,58
tt1298650,1865
tt0962726,11887
tt0475293,10947
tt0810900,13649
tt0120737,120
tt0167260,122
tt0167261,121
tt1055369,8373
tt0848228,24428
tt5121816,420648
tt7207398,472575
tt7060566,468696
tt4365566,359228
tt5642856,439151
tt5462602,416477
tt5852632,405931
tt1666185,402529
tt4899370,424488
tt4230700,373476
tt4537888,462036
tt5195412,369894
tt3775086,364433
tt4695548,355066
tt2417712,336890
tt3612320,291413
tt4191702,369697
tt6357074,469922
tt5854198,470390
tt5796516,450179
tt2957760,333354
tt1610525,373546
tt1951265,131631
tt2179136,190859
tt2582846,222935
tt2294449,187017
tt2310332,122917
tt0816692,157336
tt2802144,207703
tt2015381,118340
tt1872181,102382
tt5362988,395834
tt1631867,137113
tt2713180,228150
tt1490017,137106
tt2267998,210577
tt2446042,260346
tt1840309,157350
tt2103281,119450
tt1877832,127585
tt1843866,100402
tt1408253,168530
tt1646971,82702
tt2975578,238636
tt4429194,375867
tt6119504,455656
tt2989524,317560
tt1956620,225886
tt0831387,124905
tt1291150,98566
tt2788710,228967
tt2004420,195589
tt3235888,270303
tt2333784,138103
tt1253863,53182
tt2369135,136797
tt1587310,102651
tt3322940,250546
tt2170439,227159
tt2262227,228326
tt1972779,239571
tt2331047,395814
tt5537228,431093
tt2205401,235271
tt1267297,184315
tt2318092,226857
tt1823664,196867
tt2828996,184345
tt2626350,243683
tt1528100,147441
tt2084970,205596
tt1924435,193893
tt0455944,156022
tt2203939,193610
tt3612032,259072
tt2582802,244786
tt1086772,232672
tt0829150,49017
tt2265171,180299
tt2357291,172385
tt1638002,200727
tt4882376,433247
tt1772341,82690
tt1446714,70981
tt1659337,84892
tt0948470,1930
tt1232829,64688
tt1636826,57214
tt2313197,123025
tt0903624,49051
tt0790724,75780
tt1392170,70160
tt1981677,114150
tt0795461,4258
tt1714206,157386
tt2302755,117263
tt2226417,91586
tt1980209,134374
tt4797160,445962
tt4757570,388592
tt4266638,323929
tt4193400,355065
tt1330018,352885
tt5700626,394823
tt1227183,347035
tt2126355,254128
tt2379713,206647
tt1663202,281957
tt1951266,131634
tt2120120,257344
tt1528854,274167
tt3397884,273481
tt2395427,99861
tt2820852,168259
tt0478970,102899
tt2096673,150540
tt3659388,286217
tt1398426,277216
tt2848292,254470
tt2361509,257211
tt1935089,364733
tt6581990,468332
tt4030600,292280
tt5781798,445993
tt5493706,401544
tt3322892,297160
tt4991512,412209
tt3171832,414190
tt1082807,341006
tt2494376,408220
tt4481414,400928
tt3095734,262841
tt3283864,402464
tt2516326,443547
tt2370228,340197
tt3991302,286339
tt2967226,353440
tt1855325,71679
tt1606389,72570
tt1915581,77930
tt1645170,76493
tt1592873,80271
tt1853728,68718
tt1605630,71552
tt0837562,76492
tt2023453,82650
tt1327194,77877
tt4083052,402423
tt4628882,374466
tt1282140,37735
tt1323594,20352
tt1375670,38365
tt0435761,10193
tt1228705,10138
tt0398286,38757
tt0926084,12444
tt1130884,11324
tt1155076,38575
tt1014759,12155
tt0892769,10191
tt6541904,451834
tt3717316,381011
tt3842614,408609
tt5655222,425751
tt1396484,346364
tt3510480,284514
tt1679235,51481
tt1814614,74018
tt1411697,45243
tt1270798,49538
tt0800369,10195
tt1570728,50646
tt0433035,39254
tt1632708,50544
tt1216475,49013
tt1596343,51497
tt0458339,1771
tt1399103,38356
tt1201607,12445
tt6314690,448779
tt4276206,418930
tt5614612,425942
tt5170810,365995
tt1133985,44912
tt0472399,27582
tt1564367,50546
tt1622979,55779
tt1454029,50014
tt1302011,49444
tt1219289,51876
tt1411238,41630
tt1318514,61791
tt1478338,55721
tt1650043,60307
tt1167611,359156
tt3532216,337170
tt4573516,347882
tt5544384,413594
tt6349302,464889
tt4572792,382614
tt1386588,27581
tt1126591,42297
tt0892791,10192
tt1579247,35558
tt0980970,10140
tt0989757,22971
tt0758752,43347
tt0840361,23168
tt1193631,41233
tt1591095,49018
tt1156466,38234
tt1250777,23483
tt1001526,38055
tt6265828,428449
tt0327597,14836
tt0758746,13207
tt0878804,22881
tt0361748,16869
tt1186367,22832
tt1041829,18240
tt0780521,10198
tt1119646,18785
tt0974661,16996
tt0458525,2080
tt1013752,13804
tt0417741,767
tt1734493,291276
tt5154288,395982
tt2395339,109453
tt6367558,451955
tt4837126,426203
tt1197624,22803
tt1131734,19994
tt0796366,13475
tt0409459,13183
tt1190080,14161
tt0988045,10528
tt0472198,14410
tt1148204,21208
tt1114677,18126
tt1187043,20453
tt1022603,19913
tt1156398,19908
tt2932536,403119
tt4481514,345914
tt0942385,7446
tt1055366,13655
tt1023481,8328
tt0838283,12133
tt0441773,9502
tt0936501,8681
tt0499448,2454
tt0910970,10681
tt1023111,8456
tt1071358,15157
tt0910936,10189
tt0371746,1726
tt0800080,1724
tt0914798,14574
tt5030402,390407
tt4126694,416691
tt4229578,437331
tt3280262,393345
tt5849814,443384
tt5592248,399019
tt0413267,810
tt0462538,35
tt0463998,1646
tt0427327,2976
tt0477051,9757
tt0765429,4982
tt0480249,6479
tt0293564,5174
tt0413300,559
tt0829482,8363
tt0382932,2062
tt0418279,1858
tt0373889,675
tt5167174,381041
tt4738174,417489
tt3289956,397243
tt5034266,433252
tt0429591,14191
tt0466856,13960
tt0382625,591
tt0407887,1422
tt0416449,1271
tt0376994,36668
tt0472043,1579
tt0458352,350
tt0463985,9615
tt0454945,9655
tt0317219,920
tt4824308,347126
tt0430308,10060
tt0377109,10320
tt0329774,11679
tt0360486,561
tt0398165,9291
tt0360717,254
tt0414387,4348
tt0405422,6957
tt0356910,787
tt0367594,118
tt0372784,272
tt0121766,1895
tt0363771,411
tt0330373,674
tt0393162,7214
tt3748172,343674
tt4062896,379532
tt0316654,558
tt0319262,435
tt0332452,652
tt0298148,809
tt0368933,11130
tt0377092,10625
tt0356470,11247
tt0381707,12153
tt0317705,9806
tt0304141,673
tt0338348,5255
tt5669936,455551
tt0242653,605
tt0251127,9919
tt0314331,508
tt0234215,604
tt0322259,584
tt0312528,10588
tt0290334,36658
tt0172156,8961
tt0319343,10719
tt0266543,12
tt5339418,471493
tt4586114,369912
tt5231268,374609
tt0120804,1576
tt0258463,2501
tt0281190,13830
tt0295701,7451
tt0145487,557
tt0298130,565
tt0264464,640
tt0281358,10229
tt0298203,65
tt0293815,10426
tt0121765,1894
tt0295297,672
tt4102722,398798
tt5892354,415137
tt4703048,347984
tt5953674,429405
tt0257106,4248
tt0213149,676
tt0221027,4133
tt0252866,2770
tt0278488,8386
tt0255819,16161
tt0247638,9880
tt0198781,585
tt0126029,808
tt0232500,9799
tt0266915,5175
tt0241527,671
tt0245429,129
tt1785635,416160
tt5189770,412762
tt2932532,416119
tt5243424,387889
tt5434870,381069
tt0195714,9532
tt0212346,1493
tt0240684,10898
tt0144084,1359
tt0204946,1588
tt0217869,9741
tt0210945,10637
tt0175142,4247
tt0172495,98
tt0120903,36657
tt0170016,8871
tt0195945,10471
tt4565520,339404
tt6089700,466129
tt2351310,200085
tt1535109,109424
tt2243537,139038
tt2194499,122906
tt2404463,136795
tt1702439,112949
tt1538403,123553
tt2101441,122081
tt1211956,107846
tt2820466,183011
tt3296908,339259
tt4218696,405775
tt4939066,407887
tt6081632,428756
tt4771896,411638
tt1559547,109491
tt1333125,87818
tt1411250,87421
tt1731141,80274
tt2229499,138697
tt2234155,116741
tt1985966,109451
tt1392214,146233
tt1583421,72559
tt2537176,207768
tt2263944,126963
tt2620590,300665
tt3564472,417870
tt6111628,422229
tt1661275,340101
tt4433646,330070
tt5242684,428356
tt4877122,378236
tt5771710,445768
tt1856101,335984
tt5457484,464879
tt3602128,343284
tt6142314,464882
tt1860353,77950
tt1821694,146216
tt1483013,75612
tt2017020,77931
tt1351685,81005
tt2312718,204082
tt1454468,49047
tt2375779,125509
tt1335975,64686
tt1272878,136400
tt1458169,293768
tt5112578,396940
tt6269658,420279
tt5536736,396398
tt4225622,419479
tt2406566,341013
tt4649466,343668
tt2072230,295830
tt1446192,81188
tt1440129,44833
tt1496025,52520
tt1232200,87428
tt1345836,49026
tt1259521,22970
tt0922366,52559
tt1074638,37724
tt1800741,85446
tt1217209,62177
tt1397280,82675
tt5222918,429199
tt2822672,333667
tt0165929,2085
tt0213847,10867
tt0120917,11688
tt0120755,955
tt0187078,9679
tt0208003,9600
tt0187393,2024
tt0180093,641
tt0185431,9678
tt0209144,77
tt0183505,2123
tt1961175,415842
tt0246578,141
tt0268978,453
tt0209163,1734
tt0277371,11397
tt0250494,8835
tt0265086,855
tt0263488,8922
tt0240772,161
tt0139654,2034
tt0248126,10757
tt4433890,346658
tt5143890,453807
tt4443658,406994
tt0303714,10611
tt0250468,14365
tt0302640,11852
tt0317248,598
tt0329200,12536
tt0250797,2251
tt0289043,170
tt1038919,27573
tt0275847,11544
tt0259484,13098
tt3781476,334298
tt1935897,203835
tt4693358,411999
tt0325710,616
tt0266697,24
tt0306047,4256
tt0316396,10601
tt0332379,1584
tt0320691,277
tt0328828,8273
tt0329101,6466
tt0301470,11351
tt0315327,310
tt3721954,359784
tt5884234,410554
tt0373074,9470
tt0387564,176
tt0339291,11774
tt0357413,8699
tt0265208,10591
tt0372183,2502
tt0318627,1577
tt0279967,12242
tt0365748,747
tt0370263,395
tt0374900,8193
tt2718028,269588
tt5723286,471014
tt6214928,452507
tt0388482,9335
tt0424774,14199
tt0351283,953
tt0407304,74
tt0418763,25
tt0396269,9522
tt0452598,9641
tt0320661,1495
tt0422093,16186
tt0405325,11459
tt0432348,215
tt0402910,5289
tt0121164,3933
tt4117510,308194
tt3541080,323366
tt5247704,432087
tt6191390,436496
tt4693612,434273
tt0455967,9293
tt0808146,8275
tt0401855,834
tt0457430,1417
tt0462590,9762
tt0482571,1124
tt0443676,15255
tt0455612,16781
tt0443453,496
tt0381061,36557
tt4262980,315011
tt4181782,394830
tt4743562,344906
tt0478311,4964
tt0443706,1949
tt0431308,6023
tt0467406,7326
tt0758730,440
tt0408236,13885
tt0373883,2082
tt0440963,2503
tt0822854,7485
tt1129442,13387
tt0822832,14306
tt0448157,8960
tt0481536,13335
tt0960144,10661
tt0489099,8247
tt0963743,12689
tt0969647,13676
tt0493464,8909
tt0462499,7555
tt0988595,6557
tt5503688,423087
tt6055082,449700
tt5096486,427890
tt2674454,399790
tt2872518,345938
tt1407050,26123
tt0834001,12437
tt1231580,23398
tt0929632,25793
tt1144884,19912
tt1049413,14160
tt1131748,176241
tt1349482,21474
tt0808151,13448
tt0380510,7980
tt4441098,354125
tt0879870,38167
tt1424381,34851
tt0446029,22538
tt0800320,18823
tt1285016,37799
tt1037705,20504
tt1320253,27578
tt1104001,20526
tt0947798,44214
tt5205210,364223
tt4935372,354216
tt1615918,55301
tt1068242,68817
tt1716772,69798
tt1229238,56292
tt1754264,70006
tt1515091,58574
tt5159024,436769
tt1764651,76163
tt1922777,82507
tt1855199,77016
tt1621045,67660
tt1397514,72545
tt0454876,87827
tt1482459,73723
tt5439796,399170
tt2230358,167032
tt0359950,116745
tt1288558,109428
tt3063516,208134
tt1091191,193756
tt0790736,49524
tt3501632,284053
tt6777338,437109
tt5303632,432792
tt5066056,470472
tt3629032,482325
tt0884732,252838
tt1674771,188222
tt1617661,76757
tt0470752,264660
tt2473510,146301
tt3218094,371958
tt3713166,277685
tt3949216,392050
tt3808102,436775
tt4929720,360007
tt4577344,403964
tt3911294,392153
tt3891538,464331
tt6253370,432090
tt1966566,203793
tt0247745,39939
tt0230011,10865
tt0285742,1365
tt0206275,9816
tt0146316,1995
tt0196229,9398
tt7048676,481192
tt5979690,418585
tt4887842,354534
tt0163978,1907
tt0138749,10501
tt0200809,36968
tt0215129,9285
tt0130623,10567
tt0134847,2787
tt0134084,4234
tt0242423,8859
tt3390550,378017
tt4424722,452895
tt5009286,455595
tt6164014,459667
tt0277434,10590
tt0291082,14128
tt0303933,13497
tt0322802,9012
tt0295178,818
tt0274812,11013
tt0253474,423
tt0217505,3131
tt5851904,453191
tt5910280,390497
tt4977530,429662
tt6203944,446045
tt3758172,390062
tt0306841,18736
tt0311289,8326
tt0324216,9373
tt0349205,11007
tt0286788,10735
tt0295700,9902
tt0317740,9654
tt0309593,9358
tt7312940,484886
tt5308322,440021
tt0289879,1954
tt0387575,11249
tt0343818,2048
tt0364725,9472
tt0328107,9509
tt0343660,1824
tt0347149,4935
tt0363547,924
tt6288250,426256
tt4911996,393834
tt0399295,1830
tt0358273,69
tt0369735,4379
tt0377818,6519
tt0397065,10066
tt0435625,9392
tt0430105,8292
tt0380389,9763
tt5866930,452551
tt4746516,408509
tt5540188,428495
tt3292080,408245
tt1620604,50272
tt2112331,233208
tt0489270,214
tt0317919,956
tt0362120,4257
tt0454921,1402
tt0454841,9792
tt0430304,9072
tt5129510,371859
tt0952640,6477
tt0890870,663
tt0496806,298
tt0972785,15261
tt0804555,13186
tt0465234,6637
tt0425112,4638
tt0259324,1250
tt4900708,380620
tt0373051,88751
tt0887912,12162
tt0859163,1735
tt0800039,9870
tt0832266,8390
tt0443649,7840
tt1132626,11917
tt0416236,8204
tt6322922,432602
tt5084170,426284
tt1001508,10184
tt1046173,14869
tt1080016,8355
tt0346631,22164
tt1078588,10024
tt0901476,10521
tt1233227,22804
tt1186373,15359
tt2720826,408266
tt4978710,426254
tt2378507,336000
tt3486626,335777
tt3910736,430682
tt1569923,40662
tt1116184,16290
tt1179056,23437
tt1273235,73861
tt0979434,41382
tt0464154,43593
tt0892318,37056
tt0473075,9543
tt6148090,417478
tt5993456,446038
tt4677924,396777
tt2396589,414425
tt7608418,483104
tt5442456,470114
tt6589464,438798
tt5962210,411741
tt1152398,38117
tt1899353,94329
tt1600195,59965
tt1865567,71672
tt1092026,39513
tt1284575,52449
tt1067774,59860
tt1637688,49530
tt3722614,313943
tt6021860,413655
tt1591479,75674
tt0401729,49529
tt2287663,115290
tt1706593,76726
tt1596350,59962
tt2308733,134375
tt1649419,80278
tt1071875,71676
tt0259711,1903
tt0166110,11380
tt0118589,10696
tt0211443,11470
tt0269341,25462
tt0293715,11178
tt0240402,32590
tt0974015,141052
tt0252503,11088
tt4846232,429200
tt5657856,398175
tt1139592,55341
tt4705740,423536
tt0240515,13166
tt1287468,39691
tt0125022,10833
tt0245686,10956
tt0249677,18269
tt0242445,10877
tt0173840,2114
tt5356292,438790
tt4224478,347258
tt3896738,408439
tt0245562,12100
tt0277296,9334
tt0265298,11870
tt0294425,14008
tt0183649,1817
tt0289765,9533
tt0238380,7299
tt6155084,430916
tt0311429,8698
tt0328880,10009
tt0181852,296
tt0274166,9486
tt0328538,11023
tt0333780,10327
tt0287978,9480
tt0286716,1927
tt0354766,20304
tt0350028,4599
tt0369339,1538
tt0368975,9893
tt0395169,205
tt0386005,11636
tt0290002,693
tt0391198,1970
tt5891492,461695
tt4348012,429733
tt6678950,474498
tt4663548,450806
tt6878038,437068
tt0419706,8814
tt7023354,442266
tt0388125,11931
tt0388500,14177
tt0425123,9007
tt0472219,20077
tt0401792,187
tt0402022,8202
tt0357277,9947
tt0342258,10027
tt0369441,7552
tt0356680,9043
tt0376108,7233
tt2062700,330947
tt0453467,7551
tt0482527,37725
tt0422720,1887
tt0456554,9900
tt0452681,13767
tt0859594,13002
tt5555554,416777
tt0404203,1440
tt0486946,11199
tt0389722,4513
tt1065106,18755
tt0455760,14001
tt0450385,3021
tt0453556,1273
tt0787475,10074
tt4059652,349193
tt1981128,274855
tt4575930,390401
tt2380307,354912
tt1042877,14299
tt0902272,14011
tt1174954,13648
tt0425637,12289
tt1236370,26010
tt1073498,7278
tt0396707,18032
tt0462465,10529
tt0949731,8645
tt1294138,13004
tt6268152,446040
tt0821640,12556
tt1152836,11322
tt1127715,21191
tt1201167,20829
tt0892782,15512
tt0448011,13811
tt1078940,19899
tt4557956,390053
tt4662420,352501
tt2582498,413992
tt5719700,427900
tt5127192,371804
tt4730706,405174
tt4686108,376658
tt5390504,407448
tt5774604,408550
tt1414382,38303
tt1673430,45162
tt1640571,44918
tt1219342,41216
tt1231583,41733
tt1433108,41283
tt1226229,32823
tt1013743,37834
tt1438254,37950
tt6645614,484510
tt6304046,401898
tt7131870,452557
tt1389137,74465
tt1657283,63710
tt1835977,81250
tt1562871,41517
tt0905372,60935
tt0822847,38321
tt1268799,55465
tt1448755,49021
tt5816682,423899
tt4731148,401513
tt5109784,381283
tt3255590,485504
tt1024648,68734
tt1217213,75258
tt1298649,80035
tt2197823,91342
tt1599348,59961
tt1907668,87502
tt1343727,49049
tt1336608,80585
tt2140203,110420
tt6286652,432622
tt3014284,274862
tt1904996,119283
tt1606378,47964
tt1758795,129139
tt2325989,177888
tt1711425,107811
tt2024432,109431
tt5894778,413927
tt1718924,375183
tt3027188,290235
tt6398464,480638
tt6026014,429743
tt6131148,421624
tt5715410,413644
tt5876412,436285
tt2039338,400710
tt4669278,441647
tt4467194,407201
tt2226597,290512
tt6303962,488447
tt2936884,413778
tt3402236,392044
tt3266284,317091
tt5037626,456768
tt3672120,413990
tt5806506,472686
tt5599692,393184
tt3400980,335837
tt4365518,371463
tt4622512,369192
tt3704298,300672
tt4944596,394684
tt6045466,446131
tt6135348,451945
tt3467412,338676
tt3881784,395993
tt3462696,286548
tt3697566,265851
tt2338027,336453
tt6320684,477500
tt5519340,400106
tt2527336,181808
tt7281472,488971
tt7281126,488969
tt3654796,396493
tt5676118,410314
tt4788934,366644
tt4943218,413780
tt6648404,454784
tt5689068,412547
tt5431082,425298
tt3074952,406112
tt5940342,454417
tt6212496,424510
tt3675748,283127
tt1724970,271404
tt5247042,380731
tt6353716,452739
tt4949290,412678
tt5829040,432787
tt6339042,472373
tt5308364,459963
tt1615160,379149
tt2170667,291423
tt4779026,407365
tt5023260,396810
tt1027718,33909
tt0959329,34335
tt0964517,45317
tt1228987,41402
tt1536044,41436
tt1392197,38579
tt1323045,44363
tt1645089,44639
tt0940656,42949
tt1568921,51739
tt1320291,49787
tt5175450,390061
tt2331100,438488
tt5629340,418970
tt1758810,372343
tt4769824,378108
tt6805302,453350
tt6441072,459962
tt4655630,423246
tt5181852,463602
tt5925968,413648
tt5859238,407449
tt5972780,428558
tt6832936,457920
tt4131800,335360
tt3348730,298250
tt1869347,419835
tt5580390,399055
tt5539052,419472
tt1653665,418680
tt6014904,426258
tt3499176,490017
tt3976144,340103
tt4915318,410118
tt5317914,393277
tt2776878,347629
tt7578566,484862
tt6262764,457262
tt5363736,427800
tt3053228,485415
tt4610748,355193
tt4217392,383785
tt4925292,391713
tt6645154,457181
tt5528996,414690
tt5884230,425980
tt4966532,423236
tt6143568,456048
tt4126568,420707
tt5770864,415312
tt6497898,441646
tt5979874,449574
tt4329806,467405
tt4076916,408221
tt4041476,479924
tt4721124,339987
tt3743042,369202
tt6288694,445954
tt3228088,322487
tt1413492,429351
tt4998772,407531
tt6208580,466308
tt5537140,443205
tt7608028,485774
tt5267472,431072
tt4065340,336149
tt2318527,159092
tt3262342,339877
tt5715874,399057
tt4466494,433919
tt6194540,459965
tt4986134,390056
tt4778988,353575
tt5653514,430043
tt1389072,301337
tt6293032,451646
tt3829920,395991
tt6096500,432627
tt7241654,485337
tt6359956,431530
tt4733640,369300
tt6133130,420622
tt5456104,437031
tt2463842,437319
tt5115004,377276
tt6303866,426238
tt5566790,391710
tt0339736,444193
tt6000478,413362
tt5027774,359940
tt2114504,462883
tt6194538,398947
tt5379294,466190
tt7167630,471474
tt1485796,316029
tt2543472,406997
tt6481478,462503
tt6304162,429174
tt5687334,416186
tt5308240,427049
tt6408226,434203
tt6580972,438639
tt4209788,396371
tt5208950,447665
tt2401199,232612
tt3301196,270221
tt6537238,438740
tt5173032,367147
tt4864624,352491
tt5304464,399031
tt4930176,417633
tt5751998,412000
tt5208216,383709
tt5699154,432068
tt6411984,451618
tt6330052,446132
tt5822712,430912
tt4834150,403264
tt3313054,441762
tt3655682,376579
tt5226984,405204
tt2548396,384521
tt2586120,414063
tt3567194,403570
tt6237612,455236
tt5657846,419680
tt0491175,395458
tt4555426,399404
tt5176390,445500
tt6079186,465242
tt6018306,419709
tt5649144,394117
tt4285960,365432
tt5420886,428446
tt5001754,459910
tt5716380,426260
tt3224036,416157
tt1230168,300687
tt5964278,408238
tt6144762,432618
tt5638642,433808
tt5783956,433310
tt6330246,451499
tt5539466,421452
tt6569546,430988
tt5157052,464757
tt3321470,406103
tt5187548,409137
tt5979312,387805
tt4937564,412520
tt5629964,492621
tt7610830,483407
tt5301662,392982
tt4486986,345923
tt6515342,438348
tt6973866,461108
tt6719524,460218
tt5313906,454549
tt4477536,337167
tt1034385,428399
tt5462326,401561
tt1825683,284054
tt6119856,450489
tt4623856,345909
tt6243140,415010
tt5159414,449664
tt4515762,346652
tt5157456,369698
tt4765284,353616
tt6294822,446354
tt4866448,438436
tt5727282,397538
tt5607028,426285
tt6194530,453354
tt5698496,396899
tt2624866,303856
tt5125930,413388
tt4995790,401246
tt1259528,449443
tt5825380,429189
tt6359082,481952
tt6265536,487363
tt1464763,401371
tt5827212,422708
tt5258850,430424
tt3499358,440397
tt5207204,427342
tt4513316,411976
tt2785288,204968
tt5282006,376565
tt5723416,449575
tt3411444,364689
tt3542188,332179
tt6281242,503437
tt6675400,454648
tt5673714,481942
tt3011960,323368
tt5460548,431479
tt5726616,398818
tt6183834,427348
tt5818818,436167
tt5039994,398588
tt5862312,441701
tt3763866,351065
tt5716848,443076
tt6401004,449535
tt6021478,432613
tt3859272,413857
tt4695098,408185
tt5480528,399747
tt4048186,465545
tt5294966,374671
tt6194520,452188
tt0460890,95608
tt6204340,480572
tt2935516,461158
tt6225520,450322
tt6444838,444397
tt5737582,460279
tt2602338,326251
tt3901826,435129
tt3521126,371638
tt5893264,416051
tt1131724,269795
tt4975280,426958
tt7156144,463861
tt4106376,335788
tt2011311,199928
tt6741568,451679
tt5804946,459966
tt6423776,431017
tt4399952,429467
tt5517708,446037
tt2798920,300668
tt5598160,452016
tt4928814,465026
tt5476182,444149
tt1725969,413770
tt7018010,451500
tt5580036,389015
tt7877382,504997
tt5990066,429727
tt5628688,442267
tt1633217,446130
tt5687040,429070
tt5390066,390059
tt4460624,459957
tt1799516,495193
tt5825052,432614
tt3882074,376530
tt2531334,242606
tt5931670,464876
tt3661196,344255
tt4911940,384664
tt5607714,436343
tt3591988,347097
tt5814592,415401
tt6087426,429742
tt5861066,484147
tt6034550,472964
tt6805422,465260
tt2962876,228108
tt3881026,397852
tt1966359,354861
tt4211312,364410
tt5612564,443659
tt5966600,456162
tt5816374,426230
tt6462462,452187
tt4451006,479355
tt4299300,379019
tt3317234,456750
tt2484254,405899
tt5003186,436827
tt5796838,426257
tt6421110,442064
tt2836628,310043
tt5294550,446791
tt4468740,346648
tt5726086,406563
tt5867796,484410
tt4518962,345921
tt0202677,1619
tt0190865,11678
tt0183869,2332
tt0134983,10384
tt0184858,2155
tt0160611,12490
tt0241303,392
tt0219699,2046
tt0229440,12597
tt0210070,9871
tt0230030,1636
tt0200550,6282
tt0207201,3981
tt0275230,919
tt5119116,448194
tt0245674,9378
tt0212720,644
tt0243609,1783
tt0157583,10491
tt0228333,10016
tt0280707,5279
tt0272152,167
tt0265666,9428
tt0133152,869
tt0230600,1933
tt0260866,12103
tt0238552,10596
tt0202470,12508
tt0267804,10796
tt5776858,400617
tt5716280,413852
tt3317522,312827
tt3975556,333123
tt1612319,106845
tt6083648,437375
tt0243736,2752
tt0280653,9045
tt0284978,10133
tt0301199,3472
tt0268380,425
tt0252444,9555
tt0280590,2022
tt0120912,608
tt0181689,180
tt0246894,11535
tt0287717,9488
tt0253754,201
tt0219400,21118
tt5451690,451751
tt1365519,338970
tt2557478,268896
tt5600326,398939
tt5989394,446178
tt4986098,476926
tt3305176,356787
tt6574272,443319
tt6061074,502122
tt6423886,451563
tt7219324,468207
tt7011436,462146
tt6470762,452970
tt0271668,11078
tt0288045,10610
tt0292506,1647
tt0379557,11194
tt0251736,2662
tt0338077,20210
tt0285531,6171
tt0313911,10923
tt0305357,9471
tt0337909,8696
tt3889156,490819
tt0375679,1640
tt0317648,2023
tt0293508,9833
tt0331952,10742
tt0296572,2789
tt0371823,21385
tt0349903,163
tt0350258,1677
tt0375063,9675
tt0367093,10304
tt0361862,4553
tt0351977,11358
tt0329691,10718
tt7167602,487242
tt1677720,333339
tt3606888,404378
tt1590193,399035
tt1472460,394692
tt4255304,378018
tt0399146,59
tt0433771,24615
tt0398712,8978
tt0398375,2800
tt0371724,7453
tt0402399,11400
tt0355295,4442
tt0404032,8643
tt0397535,1904
tt0408306,612
tt0340163,2026
tt0387514,2313
tt0358082,9928
tt0387131,1985
tt4044896,388994
tt6142496,500634
tt5580392,515333
tt5598102,451995
tt5041296,429460
tt6213362,427347
tt5719786,478167
tt7086706,492336
tt5117670,381719
tt5280684,434389
tt3896102,452773
tt5842890,444395
tt5752606,464566
tt5573582,465023
tt2292196,180095
tt7021508,515114
tt5478478,384680
tt3569970,383788
tt1690967,430446
tt6857988,515841
tt7527694,517829
tt3663564,389301
tt5061360,432616
tt6515420,443401
tt6314766,458252
tt5281700,457308
tt5085924,362826
tt4518260,450509
tt6738136,467938
tt5723272,423646
tt1880399,419635
tt6572702,454699
tt3830302,468316
tt3458510,399131
tt6086082,496704
tt6286668,398933
tt6684714,479040
tt2400314,264269
tt5974388,412203
tt4103724,417261
tt5270810,413953
tt5137242,456164
tt7451284,485942
tt2674430,328429
tt4154756,299536
tt4698684,371645
tt6744044,507143
tt4594836,521647
tt5687814,407719
tt6197484,437310
tt4467154,352159
tt6821012,465109
tt6556552,443398
tt6774786,503346
tt6901252,468212
tt4447108,403434
tt1072748,416234
tt6802308,453201
tt3344694,283591
tt3741632,449749
tt4281724,420634
tt5461956,422615
tt4547194,419831
tt6530104,473183
tt5397194,396806
tt4668834,400328
tt2704998,445571
tt7217028,451504
tt7895904,511449
tt7369722,480410
tt3605266,459974
tt2231461,427641
tt3829378,333357
tt6350304,440355
tt5049636,361597
tt2980554,339145
tt6923840,492550
tt7230148,473336
tt6012792,428365
tt4565400,417501
tt6794380,455963
tt6340604,460059
tt2873282,401981
tt3799232,454983
tt6286662,432625
tt4643844,335051
tt6104058,424782
tt7491128,470211
tt4701724,387592
tt6469826,519337
tt7066382,424619
tt5463162,383498
tt3475596,330206
tt3547682,356326
tt3860916,425972
tt5827360,461957
tt6859344,462979
tt7286612,473518
tt6776462,452013
tt8050266,506734
tt7883022,518527
tt0360556,401905
tt2411144,401252
tt7799912,521873
tt1137450,395990
tt1901024,340674
tt3721964,340022
tt3685236,463053
tt6328182,458639
tt6334884,455675
tt1620680,407451
tt5649108,397722
tt6438030,483552
tt3778644,348350
tt4726988,467634
tt1285009,371608
tt7026672,465136
tt5504810,470818
tt6540078,448565
tt2296777,370567
tt5164432,449176
tt1753786,376003
tt6599742,449019
tt3014910,329718
tt7928214,497419
tt3018070,273899
tt1291566,353066
tt4799066,419478
tt4300480,375572
tt4915672,409582
tt7260048,472805
tt3463106,469721
tt5688996,511785
tt6777370,451997
tt5584732,410212
tt7222552,467548
tt7388562,476968
tt4827878,347872
tt5680744,400276
tt2069797,340601
tt4686844,402897
tt4881806,351286
tt5639354,429191
tt6792478,511443
tt6624126,505618
tt5433884,490694
tt5889292,471054
tt5729818,424344
tt6769064,483690
tt5721088,398177
tt5779828,456553
tt6258232,482750
tt8179218,528911
tt5749570,479198
tt7689052,489939
tt3061594,208628
tt0859635,50022
tt4357394,411143
tt6513656,440471
tt7844166,458027
tt5933560,450438
tt5360952,430040
tt5969696,436391
tt5622412,454615
tt7153766,467660
tt2388986,467867
tt5610554,400579
tt5985052,428081
tt4644382,351694
tt7104578,506951
tt5737536,411135
tt3319730,414001
tt1713440,361777
tt4974778,436494
tt7256866,531949
tt6010628,458005
tt5758778,447200
tt4940416,375107
tt4466648,377156
tt6138228,469916
tt5742568,418588
tt3234084,395474
tt7137846,497814
tt4714896,346684
tt1680140,484238
tt3201640,429415
tt5254154,395439
tt5092380,477489
tt8457394,513736
tt5162658,436830
tt5427194,425373
tt7945098,513180
tt6673840,440642
tt7106814,499151
tt7167658,487670
tt6184244,467895
tt6958212,468210
tt4670016,363111
tt7080434,467679
tt6791238,483737
tt7170950,518452
tt5691024,425148
tt6097798,436274
tt3606756,260513
tt5338644,446171
tt2396489,466415
tt5648036,473920
tt6995612,469052
tt2018069,414191
tt4266076,457955
tt6210996,505177
tt4503324,419261
tt2924392,513324
tt4288674,408490
tt4682788,425336
tt5616294,458109
tt6499752,500664
tt6306064,429300
tt2854926,455980
tt7441032,486011
tt7358936,503403
tt5628302,470918
tt5451244,437036
tt5670152,473149
tt5164214,402900
tt6173020,474298
tt6113488,424998
tt3960240,538604
tt5481184,406429
tt6846128,457710
tt8031422,523849
tt6772950,460019
tt7109106,467028
tt0235428,328961
tt0199314,18168
tt0251433,49291
tt0141926,3536
tt0164052,9383
tt0214641,10473
tt0247586,18079
tt0230921,78790
tt0256666,125844
tt0090171,76388
tt0217168,15329
tt0245062,32193
tt0297071,81566
tt0180073,10876
tt0259060,15449
tt0229260,11531
tt0190861,7093
tt0205271,10763
tt0204137,9791
tt0146882,243
tt0088247,218
tt0103064,280
tt0118956,9457
tt0379889,11162
tt0493949,38843
tt0945513,45612
tt1117385,13012
tt1319718,35138
tt1337057,38780
tt1422020,43920
tt1850394,133469
tt1865505,110416
tt5187886,402688
tt4501244,356305
tt0271793,37418
tt0239948,10878
tt0245120,12484
tt0286635,9581
tt0162346,1548
tt0157472,15028
tt0227984,1613
tt0283832,1958
tt0247419,58421
tt0274558,590
tt0269461,70443
tt0302739,3003
tt0132245,10477
tt0209095,18011
tt0284035,393129
tt0043918,11972
tt0045081,11578
tt0048002,11579
tt0054814,11580
tt0059049,37991
tt0067824,12481
tt0068767,11713
tt0068935,9462
tt0070034,9461
tt0076709,48773
tt0077594,13333
tt0090021,17898
tt0093409,941
tt0097733,942
tt0103873,763
tt5095030,363088
tt3766354,345887
tt6012742,486114
tt7654872,499722
tt1349456,47301
tt0968264,60309
tt0414982,9286
tt0122151,944
tt0104714,943
tt6147954,467414
tt5222768,456154
tt6096948,458956
tt7769530,499720
tt5742374,398181
tt4244998,399360
tt5895374,460094
tt6137494,463986
tt6053938,437029
tt7784604,493922
tt4801232,446697
tt6290798,426865
tt6727598,479753
tt5173166,366568
tt7448180,513691
tt3807900,401478
tt7205316,499726
tt6017942,425505
tt5774450,470229
tt6368324,446908
tt4923200,401326
tt5629524,497727
tt7133686,523777
tt4400994,438457
tt3120280,462919
tt5073620,370663
tt6186696,478100
tt7305366,512418
tt7336842,474353
tt4779682,345940
tt7875948,520466
tt3415992,442353
tt5153288,476678
tt7474432,499723
tt4917224,455558
tt3780500,438259
tt4610378,497916
tt5089068,398826
tt6047482,459937
tt4912910,353081
tt7130740,476631
tt5979872,420426
tt5968274,468362
tt6485928,452731
tt4667084,399611
tt6782276,537617
tt5814060,439079
tt7690020,493905
tt7405940,523354
tt5313922,428753
tt6133466,442249
tt5052474,400535
tt6012684,499724
tt5813366,460648
tt5145662,501791
tt6593240,490862
tt7158686,496212
tt5516328,429417
tt0365545,519035
tt5254610,421658
tt6053438,458737
tt5466186,433627
tt7557536,537138
tt7125070,498284
tt5220122,400155
tt8228700,486519
tt1801552,339103
tt6960736,462148
tt7665720,488217
tt7534054,485189
tt3203528,467632
tt2936390,508648
tt5057140,395841
tt5795086,412302
tt7555774,485162
tt7195416,521092
tt3891338,518416
tt4073790,445651
tt6998518,460885
tt6811992,474313
tt5208252,493551
tt2386237,481375
tt3244786,475242
tt4602066,467952
tt7334528,474335
tt5536610,458342
tt6218358,474051
tt1563742,454619
tt5801242,434368
tt4835472,426928
tt7146578,466703
tt2385752,412003
tt7424200,474395
tt6911608,458423
tt4964310,447236
tt3300980,435577
tt1270797,335983
tt7631348,505904
tt0286499,455
tt8409924,523703
tt6217306,424121
tt6063866,439155
tt6547170,531593
tt6017594,423733
tt1240982,38319
tt3458254,295011
tt0964587,10748
tt1210106,37565
tt0976222,23367
tt5922484,407172
tt1638355,203801
tt1194610,20626
tt1289403,451480
tt6155374,485296
tt3391174,262240
tt2852458,186992
tt0258000,4547
tt2737050,221902
tt0236638,11303
tt0444518,19521
tt1563738,51828
tt0209475,2018
tt2191082,214081
tt0458413,141043
tt6793580,456929
tt1520863,58497
tt5851786,466876
tt3967878,467824
tt6116856,449992
tt6832138,486520
tt2531344,437557
tt7217128,510467
tt4410000,432383
tt4105584,430474
tt1517451,332562
tt6663582,454992
tt1014762,62320
tt7349662,487558
tt5672286,471616
tt2119543,463821
tt6386684,517982
tt6632664,516592
tt6829180,525460
tt1286130,105077
tt6322902,479490
tt2369205,168399
tt6698648,465926
tt5664636,442062
tt5709188,438590
tt1682886,462469
tt7527538,517298
tt7338690,522417
tt6426028,475930
tt1502407,424139
tt7027092,467673
tt5093026,433498
tt4575576,420814
tt4560436,347375
tt7104984,529210
tt4080956,448776
tt6921996,463272
tt7149916,539619
tt5741304,433623
tt6710826,504982
tt6987760,469715
tt8262802,555850
tt4463816,385332
tt4575328,448916
tt7668724,548928
tt7888070,485098
tt6340640,474444
tt7533422,469056
tt3104988,455207
tt6009104,446170
tt6598072,503751
tt7534096,489170
tt5238240,434245
tt5860860,418635
tt3381610,378613
tt7422638,490410
tt7218564,537860
tt6324614,440626
tt7139246,486072
tt4976192,500919
tt3829266,346910
tt6679794,454227
tt7156222,474331
tt8413714,525526
tt1727824,424694
tt1311076,463158
tt7085632,525916
tt2766104,506596
tt7074092,488113
tt6768578,483184
tt7489816,487476
tt7668870,489999
tt6412452,537996
tt8361028,521935
tt7543888,516780
tt7370936,474982
tt6165792,444428
tt6450330,506620
tt8954732,556803
tt4123430,338952
tt6915100,505205
tt5177088,446807
tt3906082,332283
tt4587656,355547
tt4215810,353732
tt6708044,504345
tt7343574,525938
tt6685596,499088
tt6628394,446021
tt2990140,527435
tt3903852,403232
tt5176252,426338
tt7136896,459616
tt5834262,406761
tt8212614,510469
tt8861786,563355
tt5263116,403450
tt8398768,515820
tt6850820,458594
tt5759434,528210
tt4964788,401545
tt4743226,345934
tt7339792,506680
tt4074928,399612
tt7816392,525554
tt6288124,443009
tt8709036,525041
tt6854672,513574
tt3576728,332718
tt7056864,492258
tt6054874,415381
tt3615160,357407
tt6182908,446894
tt5639898,506407
tt8435268,527246
tt5473090,454033
tt5493944,385448
tt4218572,401469
tt8734822,564638
tt8168186,548537
tt5437928,454652
tt5989218,446696
tt7781732,511343
tt2316479,471429
tt1308728,412988
tt4177856,455842
tt6957966,523773
tt8717732,548124
tt6781982,454293
tt5716464,407445
tt7365604,477510
tt6012244,481203
tt1123373,48492
tt6869538,506763
tt4878482,472734
tt6317962,431819
tt2315596,283601
tt1051904,257445
tt5160938,460071
tt2388771,407436
tt6040662,467936
tt1349856,26691
tt7489740,481762
tt5817022,426054
tt6742252,486947
tt5691670,396461
tt4537896,438808
tt7214470,455605
tt1571234,428078
tt6523720,416194
tt7052244,549165
tt1667321,391714
tt5884784,463022
tt5686062,447682
tt4702752,471514
tt7105944,486101
tt6852872,457041
tt6494344,502259
tt5690360,439015
tt7961060,503314
tt7040874,484247
tt3588588,512412
tt2737304,405774
tt6781638,454291
tt7872704,550652
tt6404896,539517
tt7654890,514239
tt6708116,498249
tt4633694,324857
tt6153538,425194
tt5711148,398174
tt6205872,446101
tt7002116,499728
tt7941892,492999
tt1196340,12645
tt2402927,258480
tt6892462,504603
tt2078718,394661
tt0325703,1996
tt0938347,48616
tt7048622,468284
tt5991138,479813
tt1198138,17335
tt2847090,208837
tt6675244,471853
tt8653328,569922
tt5523010,426543
tt3732280,533992
tt2055790,167364
tt3660770,295592
tt1223236,57586
tt2458776,214314
tt7690670,500475
tt7280898,474354
tt0811080,7459
tt5371168,407447
tt8667202,566039
tt8307082,518496
tt8630054,510475
tt4360924,526682
tt1949605,415766
tt8783146,540247
tt6424768,459788
tt9089294,507569
tt1549589,85545
tt5326448,383809
tt2837574,429203
tt6665904,490450
tt5078274,394259
tt1172233,22798
tt7253216,518668
tt6319704,572034
tt6595896,436931
tt6104206,459947
tt2283362,353486
tt5028340,400650
tt7707314,543774
tt0120611,36647
tt0187738,36586
tt0359013,36648
tt0120667,9738
tt0486576,1979
tt1502712,166424
tt0098141,8867
tt0330793,7220
tt0450314,13056
tt0091225,10658
tt0434409,752
tt0088206,9651
tt1075747,20533
tt0078346,1924
tt0081573,8536
tt0086393,9531
tt0094074,11411
tt0348150,1452
tt0096895,268
tt0103776,364
tt0112462,414
tt0118688,415
tt0468569,155
tt1226837,451915
tt5580266,470044
tt1213641,369972
tt5990458,428845
tt5666304,411873
tt8478602,536115
tt5198570,420511
tt1937340,366675
tt6699860,518880
tt7427356,571451
tt6690004,463858
tt1999890,429476
tt6343314,480530
tt6319346,518002
tt4701182,424783
tt6849128,518514
tt7008872,472451
tt1846589,399402
tt8886032,544769
tt6340642,533048
567604,567604
tt7167686,487672
tt7530986,515911
tt4971344,440161
tt5316540,460321
tt3256226,433249
tt6823368,450465
tt5179598,385360
tt6451260,510460
tt7241074,533932
tt8359848,507076
tt1773753,514277
tt2249081,450766
tt2709692,360920
tt6899330,457324
tt6966692,490132
tt3750872,340613
tt5270948,432301
tt1477834,297802
tt4139588,483906
tt3954646,484436
tt7073522,463387
tt6278008,437941
tt1934452,548859
tt6859762,455108
tt8097306,514619
tt1318517,297725
tt5789976,520360
tt7049420,536666
tt7205630,495671
tt7162390,516850
tt7043012,463684
tt5323662,378064
tt7901268,499386
tt1492705,462723
tt2372251,421792
tt5651338,418098
tt7773210,514577
tt7610858,544876
tt3364264,471515
tt4530422,438799
tt4532826,375588
tt9260980,560066
tt7218334,497901
tt6542108,478159
tt4537986,372782
tt6212478,489931
tt7074886,476764
tt8128188,510498
tt6433832,502350
tt2446040,213121
tt0120363,863
tt0114709,862
tt8792898,539228
tt6913168,495673
tt5848272,404368
tt7561776,529290
tt6987770,489929
tt0437086,399579
tt6069162,484355
tt1977094,560704
tt2328900,457136
tt8763008,489415
tt6728096,502143
tt6938828,491472
tt7169514,421456
tt6502956,517324
tt8492566,539827
tt5734576,434555
tt6791096,460668
tt8425058,536176
tt5862902,420915
tt8155288,512196
tt8267604,517814
tt6224502,531145
tt7401588,491418
tt4717402,461615
tt8254556,515916
tt7434928,510641
tt5613484,437586
tt6086498,468698
tt7476116,484482
tt5736290,476144
tt8041276,525183
tt5083738,375262
tt6704776,528949
tt7920024,504321
tt8449092,534062
tt6485304,438373
tt3739110,383585
tt6020428,432165
tt7295450,500921
tt7365178,507787
tt6858020,481157
tt4694366,554979
tt5886046,522681
tt2452244,449563
tt6134274,529646
tt5843850,408873
tt7534068,519106
tt5481010,491084
tt7533152,491480
tt7807026,534939
tt6704880,479520
tt7913394,545963
tt6748466,417670
tt5719748,438650
tt6543652,440298
tt9815714,586347
tt7125860,465914
tt8925540,534313
tt6769280,451925
tt7545524,492452
tt7137380,471507
tt8826496,510456
tt6916362,479226
tt4951982,401200
tt6476140,452832
tt4154664,299537
tt6194704,523288
tt6155456,581475
tt5690472,455783
tt5848416,581420
tt6948326,467482
tt1255919,426563
tt1488606,399361
tt6266538,429197
tt8260226,451713
tt1273221,220882
tt8174318,578721
tt5871080,401600
tt6164854,493686
tt5653294,380111
tt7502234,484747
tt4827986,354285
tt5501158,473325
tt3165636,349105
tt7557686,489567
tt4477106,365194
tt5881528,414018
tt2140629,490004
tt6182078,502406
tt7959026,504172
tt1158939,498743
tt6175394,471968
tt6908274,529216
tt6857112,458723
tt6217608,453278
tt7006206,469310
tt6955298,509467
tt6576556,454693
tt6109874,496245
tt7491144,485166
tt5886380,517055
tt3289724,351044
tt4669788,339380
tt7616798,508763
tt9016296,535754
tt3385524,394741
tt6238896,464593
tt7721550,543633
tt2126357,503616
tt3861390,329996
tt2386490,166428
tt1860242,500682
tt6472116,495659
tt7242142,489930
tt5227746,518502
tt4595882,401847
tt8752474,537059
tt5480782,315205
tt7210426,484751
tt4729560,442056
tt6838702,458534
tt8925102,528726
tt3793788,351964
tt6811018,454294
tt2392672,179150
tt1109624,116149
tt4761916,505058
tt1034415,361292
tt5990444,592348
tt2741564,286003
tt7262882,450001
tt8001346,527729
tt5688868,436373
tt2338454,423949
tt6704974,478508
tt7245176,452558
tt9562694,593035
tt7543930,489418
tt6190456,554364
tt8320402,559302
tt3208026,438145
tt7315484,527261
tt4629028,451045
tt3759416,170522
tt1597522,99770
tt0250223,2899
tt7576426,500902
tt4685940,513421
tt2160105,448095
tt8563452,567733
tt5844488,440630
tt7914282,530032
tt8290698,517991
tt8976832,586333
tt8201170,543540
tt7549618,565839
tt8328740,521296
tt0448115,287947
tt7025976,478820
tt4086018,354279
tt1068680,10201
tt4291700,400610
tt5971394,502970
tt5215088,505914
tt6741368,458302
tt5541002,529790
tt4827558,376865
tt5941692,500852
tt1987680,440472
tt8075192,505192
tt8075260,515248
tt8436026,523561
tt6908536,478826
tt7298796,519433
tt9115662,557129
tt7469922,570451
tt7014006,489925
tt3986820,430231
tt8003558,484594
tt8761814,518755
tt6818140,454545
tt9866344,562278
tt7419278,498247
tt8020648,568401
tt3127022,444539
tt5929754,417812
tt3513498,280217
tt4154796,299534
tt4504044,532671
tt7634968,487297
tt6820256,453755
tt4685806,353576
tt6900448,475215
tt7979492,520720
tt6353036,480531
tt0082971,85
tt0087469,87
tt0097576,89
tt0367882,217
tt0479952,10527
tt1277953,80321
tt2908446,262500
tt3410834,262504
tt7738048,574303
tt9150970,588001
tt2481498,457799
tt7534150,490448
tt7458798,552982
tt6491178,438674
tt7957694,502292
tt6613878,466532
tt4844148,498248
tt0099994,25018
tt0110978,16780
tt0092076,16337
tt4500922,336843
tt6513120,445629
tt0072271,30497
tt0420294,10781
tt1572315,76617
tt7410922,495737
tt7424930,593026
tt8060774,484638
tt0069747,760
tt8075202,529784
tt7133170,487088
tt0412535,17350
tt6763252,475094
tt10087988,595503
tt7637180,592334
tt10147546,593691
tt9046574,553645
tt8106596,589023
tt9817308,589116
tt7913478,565535
tt8716334,563708
tt3038708,302349
tt0244244,9705
tt3917318,402370
tt7605074,535167
tt9412098,567860
tt8169446,513083
tt4034622,586571
tt6081408,473545
tt5873150,428612
tt4425138,337473
tt2207072,219318
tt8948614,545634
tt0362270,421
tt0062622,62
tt7472352,489994
tt5735804,398626
tt4829950,405101
tt3815136,381071
tt5275838,373349
tt0463854,1562
tt6163356,421851
tt0086837,4437
tt1160368,17134
tt2317524,195269
tt0109040,3049
tt0112281,9273
tt0318462,1653
tt1213012,12819
tt3111728,227425
tt3600760,258096
tt4061848,294512
tt5706242,353430
tt3356434,285595
tt7214842,474569
tt0283877,10726
tt7386668,537034
tt1707687,58625
tt0421073,1266
tt0061369,11047
tt0062687,9929
tt0072901,9385
tt0088748,8868
tt0090667,9318
tt5501104,517839
tt7201846,544510
tt1937274,364911
tt4943594,353125
tt7175992,475928
tt8633950,501633
tt1872880,121936
tt9098432,576040
tt4015500,369523
tt0421082,5708
tt3451624,248059
tt6333064,430830
tt3214002,269100
tt9775360,581997
tt5688932,424781
tt0144168,16406
tt0469641,1852
tt4076058,302376
tt0446755,14202
tt0490086,13161
tt0463872,2395
tt2218003,146223
tt0381849,5176
tt1179904,23827
tt1728179,59429
tt1778304,72571
tt2109184,82990
tt7968976,502137
tt0101393,2924
tt8172466,587808
tt0959337,4148
tt0327554,314
tt2246909,137370
tt0354836,14648
tt9032888,602609
tt3278330,314405
tt6961808,482710
tt6494418,438689
tt7250056,471856
tt7248884,510455
tt7893416,487416
tt8269552,517731
tt1087896,14409
tt0078748,348
tt0090605,679
tt0103644,8077
tt0118583,8078
tt1210166,60308
tt1817273,97367
tt0783233,4347
tt2910904,298382
tt2082221,89501
tt5356260,511793
tt9341628,573641
tt8743064,582607
tt2639336,471506
tt0962782,8268
tt7588790,473415
tt3674140,265297
tt3351386,232585
tt5024050,363447
tt2974918,258509
tt6713802,480405
tt1667307,82533
tt0344854,9992
tt0940657,26505
tt0107808,9559
tt6905696,457943
tt7282468,491584
tt1085779,45650
tt0286244,9662
tt0371552,9642
tt3326366,246743
tt0243155,634
tt0317198,9801
tt0083658,78
tt0383222,168705
tt0896036,17456
tt1153546,12685
tt0368891,2059
tt1464174,38322
tt0421729,11565
tt1034314,10679
tt0215750,853
tt0103772,402
tt0430912,3093
tt0276751,245
tt3013602,262551
tt4651520,376659
tt0112471,76
tt0381681,80
tt2209418,132344
tt6518270,446695
tt5037840,369560
tt6383494,550958
tt6046314,519255
tt0892255,8881
tt0374569,8880
tt0104437,11158
tt0097523,9354
tt2322441,216015
tt1503096,38277
tt0473829,13043
tt0112442,9737
tt1939659,133805
tt0074285,7340
tt0096842,11625
tt0109162,9369
tt0133385,9564
tt1659216,164331
tt1810864,68637
tt2011961,103327
tt0295004,64334
tt1314244,66077
tt1499658,51540
tt0386092,106538
tt5241578,402331
tt0107076,2019
tt0808276,21786
tt1188990,15440
tt1464535,56937
tt0239450,9478
tt5265898,480923
tt1489887,505600
tt7772580,529962
tt8179388,531306
tt0239949,20309
tt0112431,9598
tt0120595,9447
tt0082198,9387
tt0816462,37430
tt0087078,9610
tt0123755,431
tt1278340,14451
tt2832470,241842
tt0285492,437
tt1646985,71559
tt1625340,41180
tt1438176,58151
tt6820184,490422
tt9826484,570269
tt2800240,262391
tt0452608,10483
tt1500491,51620
tt1988591,156717
tt6344696,428292
tt1314240,26152
tt3829170,300803
tt3065204,259693
tt1060277,7191
tt0377713,438
tt0758742,16007
tt5117876,417320
tt3440298,277217
tt8579840,575019
tt10307912,598776
tt7296782,513302
tt2368672,140870
tt1183919,90125
tt0758786,13848
tt0810827,16140
tt6301712,433288
tt0472062,6538
tt6474040,437626
tt0963966,27022
tt0864770,8049
tt0120890,617
tt0365270,10367
tt0448179,17124
tt8058904,515818
tt10161552,592555
tt5884052,447404
tt6146586,458156
tt2096672,100042
tt0109686,8467
tt1978428,233564
tt5480520,518512
tt4853102,382322
tt0244167,105834
tt8886110,547386
tt5968394,429471
tt8903294,568406
tt3416536,347866
tt8396188,506750
tt1007028,10358
tt0096283,8392
tt7374948,513576
tt0436339,19585
tt5792472,433245
tt1032755,13809
tt0811138,12177
tt0792948,19976
tt7200946,582186
tt7400672,546449
tt3819668,303857
tt0108171,9545
tt0338450,14245
tt0408196,14247
tt3776288,290729
tt6109080,479379
tt6566768,512199
tt5340300,407890
tt1324050,17407
tt1571243,58767
tt5862166,529983
tt1068676,15619
tt5740806,429238
tt7962932,539549
tt0471042,59108
tt10243678,601801
tt7299298,556509
tt3276924,336004
tt1179258,22215
tt4131496,449459
tt6249434,472094
tt1082009,42973
tt1112782,14979
tt6313378,467675
tt0963794,11152
tt8205250,528222
tt7387224,509080
tt7158814,460135
tt6318728,484739
tt0459880,3542
tt1183672,41248
tt0412422,49838
tt0903627,7351
tt1503777,61263
tt1147684,27588
tt1332486,40817
tt1538221,56002
tt6902696,491473
tt4154916,300681
tt4986754,473229
tt6428676,400157
tt1361541,57302
tt0465207,21773
tt1341167,37495
tt5846744,437042
tt0780504,64690
tt5870322,432870
tt6292852,505948
tt7972178,551499
tt6704898,535356
tt3106868,215032
tt5994166,470894
tt5085522,461992
tt0116136,8840
tt0142235,28609
tt0142240,39100
tt0142233,39101
tt0142244,39102
tt1125254,24752
tt4897822,352208
tt5733210,395985
tt8106576,511815
tt1650062,37686
tt3139072,251519
tt0426266,77731
tt0279065,35651
tt0295254,9544
tt7095764,575872
tt5977276,433502
tt9066502,543636
tt3060952,217993
tt3878542,297556
tt4324274,321528
tt0142237,39103
tt0142241,39104
tt0142242,34433
tt0142238,39105
tt7799386,487611
tt7543914,542828
tt6433960,532043
tt8771590,571768
tt7035302,511468
tt0142239,44251
tt0142234,39106
tt0142236,39107
tt0142243,39108
tt0887887,13734
tt8129966,510452
tt1328642,15587
tt2210834,160768
tt0327247,2122
tt6451304,437220
tt6133764,419981
tt6556670,505436
tt1261978,23823
tt1291652,29920
tt1588342,92647
tt2427502,196032
tt8890582,573106
tt1618434,514999
tt6342440,515353
tt0315733,470
tt2992146,217923
tt0083907,764
tt1525835,56832
tt1525836,74135
tt0808417,2011
tt0186045,25166
tt4975920,492565
tt10309088,609024
tt0377752,8981
tt1680123,158426
tt0374583,11399
tt7542576,483435
tt4943998,538225
tt0285823,1428
tt0356634,8920
tt0455499,9513
tt0170691,10687
tt6472976,527641
tt0827192,14659
tt1374992,58244
tt4720654,395449
tt7216918,511404
tt8595630,538942
tt8542190,554855
tt5122374,360365
tt0106308,766
tt1135503,24803
tt1988699,150049
tt4677938,412519
tt2679042,249070
tt0167190,1487
tt0411477,11253
tt6866224,489243
tt5461944,416144
tt8530978,603519
tt5378092,463116
tt7458762,484468
tt4666926,496285
tt6752992,481432
tt0465494,1620
tt0366548,9836
tt1402488,65759
tt7339826,476292
tt0322589,10028
tt6270596,495601
tt0399738,38021
tt6696124,502098
tt6692840,515644
tt0791303,12408
tt1882116,375950
tt0808230,14791
tt8712474,609338
tt7834022,546233
tt0473705,16995
tt0388753,76242
tt0824330,8266
tt0104815,9367
tt0102926,274
tt0367959,1248
tt1255916,71670
tt0498353,1691
tt0113568,9323
tt1260502,14092
tt0347246,12140
tt7983844,502166
tt0450278,1690
tt0212985,9740
tt0285052,51163
tt0388562,2299
tt0880578,8090
tt0449061,7515
tt0971209,12403
tt8020896,499556
tt2430044,199661
tt2262308,606210
tt0116629,602
tt4616014,378385
tt3195644,280092
tt1121931,15092
tt5390246,441744
tt0479884,1948
tt1242432,43947
tt1901040,83186
tt7936092,553478
tt2166616,158990
tt7511008,571650
tt5284492,379170
tt0273148,64481
tt0216800,47943
tt0343996,9700
tt1318061,61374
tt0282552,12577
tt3699508,285423
tt0837563,157433
tt8523334,469274
tt6026818,539765
tt4463894,486131
tt10516984,610120
tt0780595,16392
tt0119307,60750
tt1081935,25846
tt1225822,12569
tt0113247,406
tt2061756,196355
tt7776430,504859
tt3340446,505953
tt8400758,535265
tt8323104,519473
tt2283336,479455
tt1661199,150689
tt0362084,25714
tt0267287,10881
tt0252665,40415
tt0334574,272879
tt0146984,4958
tt8085790,526050
tt6865690,467956
tt8095860,509364
tt7882250,547388
tt2262345,345775
tt8525070,490447
tt7552686,544404
tt7598076,487616
tt6100286,579273
tt6511932,441384
tt0242998,10984
tt0117913,1645
tt2534642,512916
tt2180411,224141
tt1524930,296099
tt7083526,514439
tt4126476,537915
tt5976196,466351
tt5092484,590575
tt0944834,10800
tt8263936,566454
tt0101862,11846
tt0113041,11862
tt0978762,24238
tt0325596,11588
tt3499424,277594
tt1043726,188207
tt0119282,11970
tt6320628,429617
tt2274648,456740
tt0453451,1268
tt5930094,564837
tt8917752,539445
tt3140100,254201
tt2438644,196024
tt4088268,348668
tt1735898,58595
tt1264904,31203
tt8399088,528668
tt8523802,559487
tt8806874,544522
tt3859310,341689
tt0293662,4108
tt2938956,287948
tt0068646,238
tt0071562,240
tt0099674,242
tt2276778,182219
tt3713944,325844
tt1646987,57165
tt2231489,287590
tt7903530,538207
tt8083606,569814
tt10327712,602307
tt1258972,97430
tt3625152,321494
tt1596365,65086
tt2339741,288158
tt1104123,13486
tt1781896,78049
tt3086386,297291
tt2692250,181533
tt1078912,18360
tt0477347,1593
tt8613876,611468
tt8242160,584427
tt2499472,531503
tt1793931,66129
tt0808339,14400
tt1322333,57331
tt0985694,23631
tt5125894,574241
tt9537532,595216
tt1259014,13635
tt0411272,15362
tt0133093,603
tt0058331,433
tt5847286,441531
tt2002718,106747
tt0864835,82703
tt7664096,570128
tt7682382,547539
tt9419834,612152
tt4913966,480414
tt6722030,524247
tt0970866,39451
tt1621039,175574
tt7654880,575600
tt9680064,579298
tt2382009,249397
tt0396555,1267
tt0438097,950
tt3416828,278154
tt1667889,57800
tt5480340,387893
tt0464913,15152
tt1167660,15588
tt1204977,242512
tt4361050,335796
tt1714203,71668
tt4080672,319341
tt3949660,308531
tt0088763,105
tt0096874,165
tt0099088,196
tt0368909,9316
tt0785035,16353
tt1653690,43209
tt0356764,99987
tt1302067,41515
tt0401233,11633
tt1043842,13981
tt0375568,16577
tt0396752,11283
tt1415283,35019
tt0087332,620
tt0097428,2978
tt3569230,276907
tt0814255,32657
tt1854564,76285
tt1245526,39514
tt0844471,22794
tt0113243,10428
tt2980706,218836
tt0084516,609
tt1029360,243688
tt1691917,151960
tt3022526,289171
tt0093870,5548
tt0100502,5549
tt0107978,5550
tt1234721,97020
tt6348138,458253
tt1182345,17431
tt0120812,2109
tt0029843,10907
tt0070608,11886
tt0107977,8005
tt0102798,8367
tt0955308,20662
tt4032428,325516
tt0093773,106
tt0100403,169
tt0479143,1246
tt0120915,1893
tt0076759,11
tt0080684,1891
tt0086190,1892
tt1275521,18380
tt8160262,600881
tt7584702,618019
tt5591666,426814
tt4725842,449684
tt0100507,1375
tt0089927,1374
tt2724064,205321
tt3062074,248504
tt3899796,331446
tt4831420,390989
tt0084602,1371
tt0079817,1367
tt0075148,1366
tt0083944,1368
tt0089880,1369
tt0095956,1370
tt0400400,49737
tt0365830,2179
tt1657507,62835
tt0106950,12088
tt0179183,11119
tt0120082,4233
tt1262416,41446
tt0117571,4232
tt0184894,8584
tt0300471,6038
tt0373283,10105
tt2082415,133558
tt1270114,294690
tt2837336,351043
tt0267913,9637
tt0331632,11024
tt1407972,49706
tt0106965,1634
tt0363226,246
tt1731767,45752
tt0191423,36972
tt9010900,591789
tt5923962,396263
tt8599746,532620
tt8975028,567738
tt8620646,574883
tt8752440,537056
tt2139881,459992
tt0101428,12627
tt1754177,73529
tt2048804,73530
tt4065552,400728
tt0961097,77459
tt3032300,205048
tt3845670,389868
tt0493247,14945
tt0401997,4169
tt0194314,26338
tt6597832,401043
tt6779296,448967
tt6131450,529982
tt7016254,501590
tt2008562,70793
tt7209350,515048
tt5951188,517093
tt9095526,570137
tt6878882,460555
tt8538552,574861
tt4180560,531509
tt8022928,506574
tt7397338,512865
tt0808279,8461
tt0164912,10137
tt0243585,10996
tt0472602,30178
tt4163636,340361
tt5072406,408024
tt0152930,2330
tt0295721,2334
tt0804540,2335
tt7238392,434355
tt1340138,87101
tt0438488,534
tt0458481,189
tt2752772,283445
tt0983193,17578
tt1637725,72105
tt0362165,10214
tt0110475,854
tt1564585,42684
tt0861739,7347
tt1555149,47931
tt4960934,337556
tt2418558,175774
tt3260022,279229
tt0384537,588
tt0938330,61012
tt0120179,1639
tt1298644,449562
tt3361792,468224
tt7752126,531309
tt8327492,528112
tt8265928,570131
tt8171974,570132
tt2066051,504608
tt4807408,458131
tt5555502,393764
tt9235038,528773
tt6792282,514575
tt6423362,508791
tt1837703,162903
tt2387559,146239
tt1706620,110415
tt3069212,531817
tt2085930,114478
tt0084827,97
tt0117774,20762
tt0120847,29812
tt0197924,50820
tt0240944,54782
tt2166143,139156
tt0891592,15268
tt0111301,11667
tt0114563,12613
tt0119345,3597
tt0469111,3602
tt1467304,37169
tt7043534,585311
tt6739094,472983
tt8976710,582570
tt5846644,497768
tt8385474,522518
tt7095482,517331
tt3741700,373571
tt7776936,482342
tt5113040,412117
tt1946502,454458
tt1872102,200645
tt1872101,201018
tt2334841,171581
tt1266027,27310
tt0433386,1975
tt1053859,1977
tt1883367,94365
tt0084726,154
tt0092007,168
tt0120844,200
tt0111280,193
tt0117731,199
tt0120201,563
tt0844760,11127
tt0190332,146
tt0111257,1637
tt0111282,2164
tt0929629,12914
tt0942903,13001
tt0027489,43873
tt0022877,43146
tt0022125,42818
tt0249380,3134
tt1226273,12201
tt0183523,2067
tt6563576,509730
tt1452628,43552
tt0307901,1429
tt0485241,1254
tt1210042,26390
tt1567609,80389
tt3716530,337674
tt9063292,555319
tt0104658,39967
tt0214529,35831
tt0103074,1541
tt1042916,74785
tt0986263,19959
tt0199753,8870
tt3013258,222297
tt6333092,433059
tt7321274,473313
tt6333096,433878
tt5952266,411023
tt3268458,250658
tt9206562,561894
tt2830416,176238
tt3508830,267310
tt7775622,515042
tt5419676,507618
tt2649194,278837
tt2873250,226109
tt3663644,343289
tt4283962,323599
tt4008652,293262
tt7357302,479626
tt2545118,158999
tt3797808,293006
tt4030188,483600
tt9206798,558095
tt7959500,517764
tt7997256,525454
tt7958736,502416
tt7831674,515816
tt7284204,501630
tt10445866,609797
tt4867110,535437
tt9105628,504605
tt8163224,544345
tt4594834,340275
tt4188436,328899
tt0364569,670
tt0089173,9731
tt0087298,9730
tt5000250,369233
tt5159204,370949
tt0310775,4689
tt0386140,1656
tt0281322,15070
tt0105698,9349
tt0105793,8872
tt0108525,8873
tt5133810,363483
tt4767950,348634
tt5237552,367536
tt4648986,369057
tt1151447,363484
tt4083850,334304
tt0162222,8358
tt5265662,369054
tt3511596,325173
tt3687310,334527
tt5133572,360603
tt5070196,369052
tt4057376,370964
tt4382872,326425
tt0080761,4488
tt0082418,9725
tt0083972,9728
tt0120860,12095
tt0116367,755
tt4555594,369059
tt5016974,400316
tt2888046,365222
tt0099938,951
tt3850590,287903
tt4216908,329809
tt0451094,4550
tt5298398,375063
tt5062762,369056
tt5272052,372631
tt2662716,310630
tt1321511,87516
tt1850457,266294
tt1596363,318846
tt3286052,334536
tt0810819,306819
tt5231402,367538
tt0120746,9342
tt3530002,296100
tt2479478,347969
tt0362227,594
tt1288403,28510
tt1608290,329833
tt4537842,364067
tt5039822,378263
tt4449576,371492
tt4307968,366755
tt6074384,414602
tt0462335,254302
tt1390411,205775
tt2140037,174751
tt2058673,257088
tt4213764,358403
tt1918911,352025
tt8998472,548064
tt5034122,365240
tt4459156,445456
tt9112776,589230
tt0115491,11238
tt0107952,15969
tt0103639,812
tt6139732,420817
tt7468616,543915
tt6565702,320288
tt10715194,624060
tt9860728,623195
tt7231342,515047
tt9053030,563673
tt6533240,441282
tt8201404,542830
tt7007696,510355
tt5936866,412157
tt8695030,535581
tt8426594,541560
tt7052494,474214
tt6662736,451919
tt10622136,615774
tt7125774,483983
tt8299896,518731
tt8110662,534373
tt5836706,448677
tt6169694,451877
tt8235660,523931
tt8569390,575458
tt3774790,332502
tt3829884,365451
tt0078935,8689
tt0082533,11298
tt0082398,699
tt2474958,318922
tt0079501,9659
tt0082694,8810
tt0038718,20343
tt0087928,9336
tt0089822,10157
tt0088170,157
tt0088814,10957
tt0085701,11654
tt0088323,34584
tt0038166,15947
tt3754940,341744
tt0090206,4180
tt0090264,707
tt0082010,814
tt4073890,395883
tt3422078,340357
tt0034492,3170
tt0080472,21866
tt0080474,1623
tt1584016,42296
tt5156770,363476
tt0089017,8130
tt0033563,11360
tt0083866,601
tt1020530,13510
tt2296747,351192
tt0032455,756
tt0082340,1103
tt0085549,535
tt4086032,337029
tt0039404,46929
tt1817771,218784
tt0113161,8012
tt0099700,928
tt0087363,927
tt0104431,772
tt0450188,1407
tt0080931,28319
tt0083109,9317
tt0080610,1716
tt1314237,18896
tt0120131,9732
tt0089530,9355
tt0238414,15400
tt0120762,10674
tt0082817,21610
tt4057632,364137
tt0032910,10895
tt0091777,12118
tt0093756,10587
tt0095882,11825
tt0098105,11895
tt0110857,11546
tt0087957,13763
tt3704050,302528
tt0086200,9346
tt0029583,408
tt0088011,9326
tt0086250,111
tt1895587,314365
tt0065421,10112
tt0080455,525
tt0091149,9994
tt0080749,790
tt0465997,9948
tt0082406,10948
tt2474976,312831
tt0283426,14873
tt0061852,9325
tt0085794,262
tt0110357,8587
tt0100240,34636
tt2452042,227973
tt1496005,51409
tt0076618,11319
tt0081505,694
tt0080120,11474
tt0086465,1621
tt0815245,14254
tt3203606,294016
tt0084843,4269
tt0088320,242248
tt0090305,11814
tt4131240,393712
tt0090357,11904
tt0364751,10762
tt0076363,250480
tt0084917,11307
tt1229340,109443
tt0970179,44826
tt1707386,82695
tt2567026,241259
tt0415306,9718
tt0284837,9298
tt0889583,18480
tt0099785,771
tt0083789,4202
tt0085426,19184
tt0085354,10484
tt1389098,434072
tt8888892,628262
tt5834760,526051
tt4136636,338072
tt3011816,348375
tt3613648,348025
tt2800356,307308
tt3851900,363072
tt3682448,296098
tt2381111,167073
tt1531901,102780
tt4021084,369594
tt8223844,514710
tt2554274,201085
tt4466544,336807
tt3721110,292641
tt4062536,313922
tt3349690,430169
tt0116743,28005
tt4948452,360638
tt4466864,344268
tt0097770,9972
tt3529656,328869
tt3478962,329805
tt4779496,360404
tt4137924,324963
tt5475710,382581
tt5898034,413736
tt4161538,363861
tt1856057,356161
tt3456414,363007
tt3164256,253414
tt3170832,264644
tt2080374,321697
tt3077214,245168
tt1618442,274854
tt2586118,351037
tt2118624,293970
tt1124035,10316
tt3464902,254320
tt0100814,9362
tt0114720,11069
tt0259685,10829
tt0334541,10891
tt4180514,339530
tt6464748,362476
tt4034452,316042
tt4183692,333596
tt8682932,544519
tt9252508,625450
tt7832848,619278
tt7946422,506072
tt8079248,515195
tt1545759,61404
tt0119116,18
tt6257174,426613
tt0414852,10045
tt1247640,15357
tt0305568,37559
tt0416496,1969
tt0100263,9322
tt1179034,26389
tt0151137,10047
tt0095250,175
tt0307156,10572
tt0316732,11045
tt2311182,155887
tt2172934,192102
tt0090095,10656
tt1959346,93840
tt0473753,11227
tt1430612,254473
tt1045772,8952
tt1167638,37645
tt0110413,101
tt0337103,60672
tt1592525,81796
tt0383025,10271
tt4383594,322240
tt0365686,10851
tt2404311,112205
tt2398231,264656
tt1802197,77878
tt0446463,14432
tt0419294,8053
tt0281364,2110
tt0267129,6935
tt0087800,377
tt0089686,10014
tt0101917,11284
tt0111686,11596
tt0080979,11953
tt0093629,10072
tt0097981,10160
tt0092563,635
tt0120601,492
tt1630626,58443
tt0300532,9266
tt1146314,12446
tt0349710,11128
tt0087681,55976
tt8351882,521784
tt0250687,9896
tt0077588,12611
tt0088933,10328
tt0182789,2277
tt0117193,37431
tt0119137,9574
tt0119217,489
tt0120716,2290
tt0120751,9822
tt0151804,1542
tt0449089,9530
tt0086397,28466
tt0910885,286532
tt1727770,86828
tt0091431,10974
tt0426931,5123
tt0099077,11005
tt0112817,922
tt0097165,207
tt0430779,15213
tt0104254,13225
tt0093105,801
tt0116477,10549
tt0102057,879
tt0278504,320
tt0113442,33689
tt0113497,8844
tt0059448,19661
tt0087747,23111
tt0107614,788
tt0976238,22949
tt0265459,9357
tt0099558,10975
tt0062083,2798
tt1065332,15436
tt0089860,24583
tt1247692,22640
tt1294970,152790
tt0058962,17744
tt1931435,87567
tt0115685,11000
tt1327773,132363
tt1839642,214086
tt0101889,177
tt0455857,10053
tt0116669,7095
tt4840554,384727
tt8350360,521029
tt9398640,584962
tt8663516,533642
tt9082020,595985
tt8364368,511987
tt6918220,532938
tt0120889,12159
tt8328716,520901
tt7377132,477072
tt8861802,532327
tt8110640,530382
tt7745068,505262
tt8214204,590986
tt4060544,593680
tt8291806,519010
tt8820590,505954
tt10053944,626036
tt0316356,2055
tt0485947,31011
tt1979376,301528
tt7203520,500915
tt0129290,10312
tt7456310,484641
tt7058080,515741
tt9173264,559401
tt7511972,483555
tt6927152,537190
tt1084950,14976
tt0265087,11469
tt5691084,480823
tt4685554,362058
tt0427944,9388
tt0378194,393
tt5698568,403357
tt8264546,490349
tt4687108,523139
tt9075612,582887
tt8871394,550473
tt7734218,513045
tt11043546,630656
tt8655574,570260
tt1046163,13596
tt0106220,2758
tt0364970,9381
tt3202120,250349
tt1890377,75198
tt2513074,293767
tt4024546,323020
tt2538654,168615
tt2836252,252607
tt0424136,2652
tt1779824,58858
tt1135933,29896
tt2062990,130987
tt1743711,50583
tt3253750,279047
tt0101272,2907
tt0129167,10386
tt1987028,132137
tt1729630,83390
tt0266465,8409
tt0953369,13727
tt0120815,857
tt0450843,13742
tt0997152,43549
tt0106489,1607
tt0124718,9469
tt2912974,241875
tt3547740,304410
tt2935564,197950
tt4505208,377799
tt1718835,78476
tt2024469,225574
tt1594534,43409
tt1179794,39545
tt2978426,289153
tt1261945,37786
tt1000774,4564
tt1817081,174316
tt8359822,522373
tt10548944,556901
tt10183616,570258
tt6107548,523172
tt8228172,528091
tt10087628,589315
tt0102436,32853
tt0494864,22398
tt0086879,279
tt3833822,346401
tt1848902,91010
tt0095655,13192
tt5914996,445030
tt1527788,51608
tt0088258,11031
tt1490785,297806
tt4900018,360341
tt0790770,316000
tt8830236,324916
tt1329457,31900
tt3488710,285783
tt1320082,25205
tt0903657,271714
tt0076451,12637
tt3704352,330544
tt0363473,6478
tt2076176,85870
tt6869644,452931
tt2473602,239566
tt1440266,57276
tt0120879,1808
tt3707114,321974
tt6679242,450494
tt2042568,86829
tt0058182,704
tt2402085,192133
tt0800325,327331
tt0108551,15765
tt0399201,1635
tt9182284,550755
tt5847768,514570
tt8772262,530385
tt0091867,11257
tt0416508,2977
tt3105350,316269
tt4061010,359790
tt3582040,352187
tt1181795,30618
tt2503944,295964
tt3268668,331190
tt0077413,4192
tt4379180,344120
tt0119081,8413
tt0083908,4193
tt1473357,45535
tt2271563,354110
tt4019142,353301
tt0377981,45772
tt4042814,356268
tt1658801,306745
tt4025194,352188
tt4302562,362571
tt4032496,336653
tt1959490,86834
tt4428788,352157
tt4085084,329815
tt0071877,4176
tt1655420,75900
tt3282858,306952
tt1957938,301228
tt4426656,336663
tt4720674,356320
tt1596345,245698
tt3733778,290637
tt4235644,342588
tt1441951,121826
tt4386242,362105
tt3319920,241257
tt4458430,359935
tt6305236,472649
tt1048171,14415
tt0108147,6279
tt0105417,2005
tt0108238,11074
tt0274117,6173
tt4489416,364111
tt1412386,74534
tt2132285,96936
tt0116313,2925
tt1951181,152599
tt0064840,5179
tt3083008,271736
tt1334102,50671
tt0420238,10199
tt3960938,360225
tt2597892,336455
tt2141773,336313
tt2131532,360784
tt4685750,336805
tt0434762,10255
tt4642044,360055
tt1467391,35640
tt3202200,248601
tt4008866,301825
tt5950646,410791
tt4291590,330770
tt1172570,18533
tt0082186,10323
tt3792960,330764
tt1069238,16804
tt10945060,637395
tt3672742,310135
tt5314190,433694
tt3263946,481880
tt9243946,559969
tt4332232,568091
tt6251024,381237
tt4042818,291984
tt4008566,605373
tt6105098,420818
tt2555736,268238
tt3830162,348674
tt0146838,9563
tt3811428,359678
tt5836262,401650
tt2719848,253412
tt2057392,333352
tt0120669,1878
tt2294629,109445
tt0978759,10183
tt0404978,97434
tt3296980,356464
tt3748512,339751
tt4973112,357681
tt3327994,359364
tt2294677,157360
tt1033643,9029
tt0401398,13417
tt4205320,358206
tt1204975,137093
tt6110430,431562
tt4085944,341392
tt5452780,460793
tt4160256,304030
tt1018765,10317
tt0120784,2112
tt0478087,8065
tt0257044,4147
tt1291570,339527
tt0362478,22825
tt2193215,109091
tt2005374,199373
tt0113613,12520
tt1400526,46812
tt3862750,304372
tt2483260,175112
tt0904127,48017
tt0105159,13823
tt3450900,291351
tt0139809,1090
tt0889212,63081
tt3567288,298312
tt1216515,44683
tt3120408,297270
tt3859076,300693
tt2258285,254772
tt0105682,48150
tt1586265,76494
tt1045778,17610
tt3923388,388347
tt1365050,283587
tt0113627,451
tt1194616,21861
tt0253867,11812
tt0990407,40805
tt0119738,8874
tt4471456,430423
tt0160127,4327
tt0465602,4141
tt2247476,232679
tt10958282,614488
tt3282076,455957
tt10384806,613007
tt7999850,616061
tt9730640,616062
tt5834576,532024
tt5834036,415665
tt2655788,182246
tt0450232,2207
tt0390808,7291
tt1817286,95191
tt3202670,265964
tt0875113,8827
tt1542344,44115
tt0103594,1492
tt1841490,253020
tt0096517,39422
tt2557490,188161
tt0120787,1965
tt6644200,447332
tt0059764,42729
tt2852400,187022
tt0344510,2841
tt0365907,169917
tt1611224,72331
tt6495770,454283
tt2094990,250796
tt3090670,308457
tt1602098,73873
tt0346491,1966
tt0248667,8489
tt2474972,312526
tt0164334,2043
tt0169547,14
tt0120586,73
tt0163651,2105
tt2397431,222006
tt0118615,9360
tt0066989,42513
tt4190530,351339
tt1846472,122089
tt0368578,11637
tt0106307,11044
tt1334512,49012
tt2505294,271185
tt2098628,127856
tt0118655,816
tt1582198,112287
tt0103759,12143
tt1731701,248574
tt2784134,335077
tt1217613,44943
tt2125435,84175
tt4669264,399248
tt0810772,201365
tt6449336,434358
tt0106387,4104
tt2237324,505579
tt1833844,116811
tt1830499,77460
tt0092644,96
tt0109254,306
tt2911668,284289
tt1126590,87093
tt2368635,266040
tt2717822,201088
tt1297919,55846
tt0397044,10075
tt0450259,1372
tt2334873,160588
tt0181316,11001
tt6857166,502682
tt0101507,650
tt3543258,382951
tt0120591,95
tt0119177,782
tt4428728,393717
tt0266308,3176
tt3647498,309886
tt1646959,59421
tt0253556,6278
tt5294518,483202
tt6806448,384018
tt9730644,616063
tt5661770,475624
tt10915286,627070
tt8329148,580600
tt9730648,616064
tt5913798,505423
tt5865326,517909
tt9056192,554311
tt9096148,602283
tt0104105,74714
tt0119094,754
tt0418689,3683
tt1727497,476996
tt0106677,9571
tt0099348,581
tt6414890,431135
tt0413099,2698
tt0118996,10347
tt0116353,18555
tt1063669,7735
tt0112641,524
tt0099487,162
tt0363589,1807
tt1535108,68724
tt6108178,419743
tt1772264,207933
tt0327679,14442
tt3553976,334533
tt2223990,200505
tt4160708,300669
tt0280609,11880
tt1059786,13027
tt1136608,17654
tt4667094,351819
tt1783232,89584
tt2381941,256591
tt0104231,11259
tt0116287,10543
tt0109830,13
tt0120681,768
tt0050419,13320
tt5029608,377263
tt0120679,1360
tt1536410,70577
tt0792965,2882
tt3289728,301875
tt2171867,169209
tt0120660,9798
tt0449010,2486
tt0092991,765
tt2051879,174772
tt0356150,9352
tt1124052,21345
tt1371111,83542
tt0120632,795
tt7740284,497931
tt0071315,829
tt0409847,49849
tt0090555,9671
tt0159365,2289
tt0094889,7520
tt4060866,389425
tt2102496,157424
tt0106519,6075
tt0887883,4944
tt0398808,1265
tt1462758,26388
tt0239395,10992
tt1823672,198184
tt0097027,10142
tt1821362,66118
tt0112642,8839
tt0106697,9739
tt4645330,402298
tt0050296,39557
tt0795368,2196
tt2769184,299939
tt0112864,1572
tt0092890,88
tt0099423,1573
tt1642194,79574
tt1054580,33997
tt0118928,9619
tt1077368,62213
tt0109520,11164
tt0099329,9768
tt0112750,9501
tt2053425,97365
tt0039305,20663
tt1937133,146375
tt1279935,35056
tt0099371,2119
tt0103247,12227
tt0461770,4523
tt0446059,7549
tt0137523,550
tt0444182,2016
tt1034032,18501
tt1321870,82682
tt0113149,4482
tt2561572,257091
tt2167202,146227
tt0165798,4816
tt0123865,14533
tt1912398,74306
tt2920808,244517
tt0113189,710
tt0099685,769
tt2835548,186991
tt0077631,621
tt0385002,8923
tt1456472,61667
tt3303728,272691
tt0116483,9614
tt1506999,70435
tt0113277,949
tt0093177,9003
tt1212419,44603
tt0068699,11901
tt1730697,80015
tt0427969,1249
tt0091217,5693
tt1528071,149509
tt1229381,47904
tt1231587,23048
tt2094018,172803
tt1582507,82505
tt5246700,475210
tt1109478,17408
tt0986233,10360
tt1464540,46529
tt1742650,70868
tt1418377,100241
tt2244901,150117
tt2884206,244267
tt1588170,49797
tt1355630,249164
tt1718801,53844
tt1253864,37958
tt5164184,417643
tt1193138,22947
tt0104507,2731
tt3327624,301728
tt1791528,171274
tt0454848,388
tt1675434,77338
tt1634121,63207
tt1220719,14756
tt2495118,182127
tt5598110,395763
tt1821468,82029
tt9065432,547691
tt0055928,646
tt1229822,38684
tt0116695,9390
tt2752200,184314
tt0364517,8424
tt0102138,820
tt0251160,8470
tt0113492,9482
tt0163025,331
tt6002232,451657
tt4645368,338189
tt0267626,8665
tt3029556,221732
tt1216491,245916
tt1726669,73567
tt1480295,77663
tt0349683,9477
tt3605418,263472
tt1205489,13223
tt0104025,56947
tt0074103,761
tt1101026,13506
tt6559390,482712
tt1990217,115821
tt3712088,329967
tt0283900,1555
tt0825248,13507
tt0380349,39386
tt1533818,51071
tt1659619,332794
tt1242521,76609
tt0095800,2383
tt2316801,197796
tt4080768,273153
tt6859418,456165
tt0112682,902
tt0064175,12529
tt7141030,469055
tt2358891,179144
tt0110322,4476
tt0081541,60175
tt0237534,6312
tt0095519,13704
tt0119643,297
tt0110367,9587
tt0462667,16276
tt0433412,10118
tt3597510,334918
tt5833186,423414
tt0119038,9421
tt0425210,186
tt5160928,393732
tt0478566,19100
tt0338828,20106
tt0416320,116
tt1881002,287424
tt2870756,229297
tt0070356,93289
tt0335266,153
tt1213648,48838
tt1210819,57201
tt0355702,9787
tt0091480,4481
tt5886440,399366
tt5360996,407439
tt2103217,103620
tt0104797,1883
tt2023587,132232
tt2330973,408167
tt3531824,328387
tt1891942,79728
tt1781922,192141
tt2844994,199914
tt0104952,10377
tt0102492,4032
tt0327056,322
tt0488120,6145
tt1472584,286567
tt1837613,297265
tt0897361,5857
tt0102555,9585
tt3110958,291805
tt0091203,8009
tt0119654,607
tt0203019,11978
tt0120749,8838
tt1409024,41154
tt0117008,10830
tt6121444,337676
tt0353969,11423
tt2182019,98368
tt1748122,83666
tt3045616,210860
tt0366780,14517
tt0097871,51326
tt1845838,158091
tt1667353,62764
tt0337978,1571
tt0061728,19548
tt0116581,36998
tt2402163,200346
tt5766118,408299
tt2969776,248390
tt0054821,20778
tt1605769,66120
tt3480146,284280
tt4641248,396920
tt2467046,218043
tt5114982,416854
tt2179121,112198
tt7064498,457435
tt1189073,63311
tt7839456,499086
tt3194410,263118
tt0082484,62204
tt4428814,329712
tt0120616,564
tt1967545,130150
tt0037008,1939
tt1212450,82633
tt1951166,121793
tt2034031,244264
tt8098548,490445
tt2493486,308504
tt5097398,375812
tt0056268,86197
tt0038853,60799
tt0064860,11874
tt2087850,89899
tt2282849,123229
tt1741542,56415
tt2268353,249147
tt0108500,11687
tt5619332,399796
tt0449059,773
tt0286009,18298
tt0114732,37653
tt0120882,10353
tt0996605,14448
tt0022787,32859
tt7533956,487004
tt0040090,67495
tt6465308,437316
tt0078907,33701
tt0953382,21788
tt2315200,190880
tt2792346,223946
tt6290418,531736
tt0167926,36719
tt1805297,57243
tt2354181,183836
tt2095605,130267
tt2980648,228194
tt0093428,708
tt0815236,34016
tt1533749,55292
tt0053183,37305
tt1003052,18940
tt1661420,71157
tt0103855,619
tt1212436,34806
tt1321860,50780
tt0200465,8848
tt0055191,333252
tt3797868,330483
tt1488555,49520
tt2292959,109729
tt1093357,71469
tt0115963,9100
tt0109446,10731
tt2024519,137182
tt3882082,321258
tt1194173,49040
tt1911644,158011
tt1234541,16258
tt0457297,14620
tt2073086,128215
tt0441796,10069
tt0117765,9879
tt3421514,248507
tt6053948,442811
tt1017460,37707
tt0114508,9348
tt3079380,238713
tt2567712,209276
tt0486655,2270
tt1655441,293863
tt1385826,38050
tt0115571,10547
tt0429493,34544
tt1645080,64678
tt0256415,11529
tt1723642,102207
tt0310203,7229
tt0287467,64
tt0067820,59881
tt1872194,205587
tt0140352,9008
tt0938283,10196
tt0455590,1523
tt2034139,146203
tt0468492,1255
tt0800069,9793
tt1568343,254023
tt0790628,124459
tt1703148,70954
tt1135985,13523
tt3448226,250388
tt1389096,121824
tt1850397,72784
tt4762824,311307
tt1731697,104755
tt0093437,1547
tt1772250,80184
tt3416744,249688
tt1034389,49494
tt1645155,106021
tt1922645,89287
tt0133751,9276
tt0090927,16113
tt0970416,10200
tt1560985,76487
tt1666801,272693
tt0118971,1813
tt0492956,13680
tt2309260,299245
tt0435651,227156
tt2515034,266396
tt2403021,171424
tt0106918,37233
tt0218967,5994
tt1763303,84199
tt0106977,5503
tt7160176,437081
tt0100405,114
tt2397535,206487
tt1374989,58431
tt0110912,680
tt1322354,38883
tt6972372,486521
tt2851314,255905
tt2139555,277547
tt0120791,6435
tt4383288,414372
tt0089881,11645
tt0095953,380
tt1245112,10664
tt1403981,23169
tt1038988,8329
tt0830515,10764
tt1993428,79992
tt4161632,342149
tt2401807,242310
tt2104080,100830
tt3896710,341742
tt2289538,157690
tt0108592,10619
tt1623205,68728
tt1598828,54054
tt0190590,134
tt1266029,33511
tt0063385,17917
tt0064757,668
tt3985434,295087
tt0105104,10538
tt1315962,43619
tt0105112,9869
tt0107818,9800
tt2215395,159121
tt3622592,286565
tt0424338,32390
tt1047540,88042
tt2345112,209262
tt2420886,203665
tt0036342,21734
tt1770734,84336
tt0256380,9889
tt2053463,109421
tt0263265,33932
tt5304992,384677
tt0240890,9778
tt0814314,11321
tt1121096,68737
tt0120102,978
tt1766094,93837
tt0417148,326
tt1798684,307081
tt0108185,1049
tt3165612,288036
tt1045658,82693
tt0102945,7442
tt8600414,593475
tt6535880,517116
tt4153828,522887
tt8740778,574436
tt3387520,417384
tt5822564,487680
tt5952594,500860
tt0299658,1574
tt0108330,8092
tt0114681,577
tt2107861,267863
tt0338013,38
tt0448134,1272
tt0862846,13090
tt10326928,606117
tt8526872,528888
tt7801894,537180
tt9257484,560362
tt6095472,454640
tt4766630,486225
tt3887158,478484
tt8988748,623627
tt5740868,597202
tt7349910,480100
tt2063781,84341
tt1010048,12405
tt0117509,454
tt0075147,10786
tt0040746,1580
tt1136684,26334
tt2199571,241554
tt1528313,52077
tt1053424,31867
tt1034331,13389
tt2236182,140174
tt0100496,22240
tt0098273,12150
tt0046280,33754
tt0479997,23047
tt1247690,164251
tt2140379,238615
tt0035279,31997
tt1742334,144336
tt0944835,27576
tt1477076,41439
tt3399024,269148
tt1106860,27004
tt7029854,437739
tt1790864,198663
tt0884328,5876
tt0047264,61988
tt2402157,254904
tt0974613,17606
tt7525778,503619
tt1863305,115167
tt0107798,9944
tt2101473,169881
tt1085492,241254
tt0117420,9103
tt0117500,9802
tt0102803,10249
tt0327850,10159
tt4052882,332567
tt0111161,278
tt2910814,242095
tt0076752,691
tt0164184,4614
tt1111422,18487
tt2980516,266856
tt6410564,434775
tt0120382,37165
tt3733774,301608
tt1142988,20943
tt1139668,13788
tt0114814,629
tt0159097,1443
tt0098621,249
tt1032751,46528
tt3007512,256917
tt1023114,49009
tt1727388,147773
tt0032138,630
tt0780653,7978
tt0120902,846
tt0443701,8836
tt1512240,51996
tt1758830,89492
tt1440345,53487
tt0066434,636
tt0120338,597
tt3846674,466282
tt1588335,58253
tt0120347,714
tt1838475,150229
tt1964418,158852
tt0808510,23023
tt1386703,64635
tt4386356,384112
tt4255626,319340
tt2401097,290764
tt5700672,396535
tt0117951,627
tt1924429,68727
tt2209764,157353
tt1712261,146198
tt0108399,319
tt1529572,44945
tt1465522,46838
tt0114746,63
tt2140619,286554
tt1987018,77462
tt2191765,342878
tt4466936,334878
tt1235166,21575
tt1809398,227306
tt3717252,346672
tt0103168,50213
tt0055572,31522
tt1715881,68639
tt2358925,239573
tt3462710,418437
tt1686821,203739
tt1666186,40264
tt0338526,7131
tt1433562,30974
tt0497465,5038
tt0164961,9597
tt1132608,17630
tt0114857,9271
tt0056663,1626
tt2258858,129112
tt2463288,187596
tt1568911,57212
tt0803096,68735
tt1291584,59440
tt1067583,55787
tt0114898,9804
tt3787590,301351
tt1242460,71859
tt2758890,197696
tt1723121,138832
tt0770703,63492
tt0100802,861
tt0118158,10534
tt2305051,228970
tt2231253,265208
tt1024255,13971
tt0120891,8487
tt2004432,199534
tt0030993,34106
tt0096487,11967
tt0403702,22327
tt0481369,3594
tt3923662,343173
tt1305806,25376
tt0097223,20123
tt0487504,13747
tt0057616,62848
tt4519312,388259
tt3832160,336683
tt0118976,37652
tt0083987,783
tt0086320,13567
tt0116126,10607
tt0273069,52999
tt1438173,118957
tt3712054,343412
tt1976989,140222
tt2559122,160821
tt0824747,3580
tt0918927,14359
tt5986246,430005
tt2962984,346650
tt5078158,395450
tt6347150,437380
tt7322864,522619
tt7177156,470643
tt5207158,550518
tt6483364,440918
tt0083000,43089
tt1285246,34013
tt1478839,522924
tt0942379,8648
tt4500214,378112
tt6471264,437670
tt1661382,64807
tt0211181,10481
tt2947742,242673
tt0050598,28973
tt3041452,283739
tt2121382,265189
tt1517260,72710
tt4955566,436459
tt0388795,142
tt0412080,9912
tt0303816,11547
tt7243464,491123
tt1753584,112160
tt0216625,30970
tt0104070,9374
tt0456123,8736
tt0443489,1125
tt4285496,336808
tt0337563,10096
tt1198385,35164
tt0305224,9506
tt1034303,13813
tt1382725,41411
tt1178663,19265
tt0104291,10326
tt1703199,50698
tt0421206,9766
tt0107048,137
tt0386588,8488
tt4940370,404791
tt0410097,10476
tt0080923,16395
tt0378109,11968
tt0397078,10025
tt0443533,410366
tt5511970,529324
tt1055292,38408
tt1935914,168138
tt1870425,104859
tt0104257,881
tt0289848,9932
tt0144120,11932
tt0106913,28983
tt1693679,103551
tt2625030,165213
tt0120689,497
tt0093640,10083
tt1486190,38961
tt0817230,32856
tt0118756,40815
tt0118531,6072
tt1401143,48395
tt0889652,14949
tt0482088,6691
tt0286112,11770
tt1232783,26688
tt0335245,5516
tt5628418,444090
tt3280916,299551
tt1220198,22824
tt0247380,44379
tt0901487,15067
tt0104691,9361
tt1294226,35690
tt0120744,9313
tt0105121,13122
tt0133952,9882
tt1194624,17082
tt0452694,24420
tt1587877,44269
tt1648216,61979
tt0158622,889
tt0109123,120554
tt0381896,422907
tt0408664,2517
tt1439572,51999
tt0077204,50166
tt0085394,52166
tt0078908,28942
tt0071464,24402
tt0072933,28209
tt0077497,39412
tt0119034,40177
tt0098439,9618
tt0116040,11228
tt7616148,492616
tt7558302,509874
tt2368254,475132
tt7339248,480001
tt9098586,617331
tt4911288,446348
tt9113332,621681
tt8809652,552865
tt8983180,640076
tt0106582,9350
tt0094959,51228
tt0118887,2142
tt0806029,33996
tt1258120,30432
tt0424205,11661
tt1547230,60062
tt1107859,14452
tt1435513,75802
tt10755644,622230
tt7343762,521777
tt5834854,419706